"DateTime","Yeild","irr","LeafArea","LabieCarbon","ActualTranspiration","Evaporation","ET0","ThetaEquiv","TotalRootLength"
"2024-03-14 09:00:00","0.0","16.88888888888889","0.023728705849092695","94.43969799872323","6.49182262829382","6.49182262829382","6.49182262829382","0.6908979799916064","6.809682406028908"
"2024-03-15 09:00:00","0.0","16.88888888888889","0.047705242740080034","90.77539758590464","5.225177459928101","5.225177459928101","5.225177459928101","0.7990341962815699","6.809682406028908"
"2024-03-16 09:00:00","0.0","16.88888888888889","0.07167931975682984","87.45761280763912","4.928854890950842","4.928854890950842","4.928854890950842","0.8405089082538482","6.809682406028908"
"2024-03-17 09:00:00","0.0","16.88888888888889","0.0956506799578185","84.53471713825904","5.411684378412093","5.411684378412093","5.411684378412093","0.8318411388774835","6.809682406028908"
"2024-03-18 09:00:00","0.0","16.88888888888889","0.11831832798369803","82.24276070704393","4.657736393085205","4.657736393085205","4.657736393085205","0.8493009311094167","6.809682406028908"
"2024-03-19 09:00:00","0.0","16.88888888888889","0.1371360113831583","80.59206536229392","5.051358885009928","5.051358885009928","5.051358885009928","0.8359400536163538","6.809682406028908"
"2024-03-20 09:00:00","0.0","16.88888888888889","0.15499491810924768","79.46755431546373","6.293678506636453","6.293678506636453","6.293678506636453","0.8243348276753412","6.809682406028908"
"2024-03-21 09:00:00","0.0","16.88888888888889","0.17657162446256464","78.14634060357842","5.722773149661703","5.722773149661703","5.722773149661703","0.8338707946009334","6.809682406028908"
"2024-03-22 09:00:00","0.0","16.88888888888889","0.20052451561863868","76.79066936134102","6.758847848090787","6.758847848090787","6.758847848090787","0.8247605732389666","6.809682406028908"
"2024-03-23 09:00:00","0.0","16.88888888888889","0.2244205928784752","76.37622925654131","4.109039400524826","13.202102042995236","14.670721034921016","0.6247457669415546","6.809682406028908"
"2024-03-24 09:00:00","0.0","16.88888888888889","0.24728564549630347","77.08299190739078","5.213428226759392","16.128274528161285","18.11604784928842","0.45284199930237135","6.809682406028908"
"2024-03-25 09:00:00","0.0","16.88888888888889","0.2704840947875783","80.96915208596764","5.148543876529212","10.282168779894192","17.422988848742808","0.4035019407841513","6.809682406028908"
"2024-03-26 09:00:00","0.0","16.88888888888889","0.28615041047463724","88.89684505006251","5.955775571639369","8.106888965793763","19.808268317489052","0.37184580944452056","6.809682406028908"
"2024-03-27 09:00:00","0.0","16.88888888888889","0.30571468814624403","96.80496144005247","5.457507002854783","5.655182769561726","17.772716611314642","0.34977046952856755","6.809682406028908"
"2024-03-28 09:00:00","0.0","16.88888888888889","0.3266594771267056","104.06403065538488","6.799062951408734","5.598398099594788","21.662729283952615","0.3355001943368991","11.797158299313175"
"2024-03-29 09:00:00","0.0","16.88888888888889","0.34308234856039743","105.98388026567947","6.469893762568816","4.39295252524011","20.273174729828888","0.32284225356968305","17.25723932550397"
"2024-03-30 09:00:00","0.0","16.88888888888889","0.36270142612405504","106.1145162527411","7.54996918635959","4.314903470874174","23.203182737192975","0.3117884231968881","22.717275732918015"
"2024-03-31 09:00:00","0.0","16.88888888888889","0.38170966668429573","106.0021076927927","6.262943732913122","2.982598762957356","18.899289038400447","0.30053574330997623","28.17729209182333"
"2024-04-01 09:00:00","0.0","16.88888888888889","0.40536399776956494","106.01001684663544","6.835172599200538","2.8147137007216823","20.176003400195665","0.2914007352851971","33.637299442352976"
"2024-04-02 09:00:00","0.0","27.555555555555557","0.42920022993599344","106.03072014768617","6.030986270363105","3.703058412746426","17.423360484833605","0.298531743489452","39.09730274515854"
"2024-04-03 09:00:00","0.0","27.555555555555557","0.45304589229760206","106.04932372612166","5.91968294875344","2.52940235391919","16.74919720644394","0.2871183326087252","44.557304229204405"
"2024-04-04 09:00:00","0.0","38.22222222222222","0.4768756604337535","106.0616176437137","2.2376656677122253","1.1884230201222048","6.204844782621895","0.2937438872738789","50.01730489602886"
"2024-04-05 09:00:00","0.0","38.22222222222222","0.5006879359132457","105.29524154424405","0.20863818702433695","0.10258845146173427","0.5673404401632459","0.2931954004439661","55.477305195652086"
"2024-04-06 09:00:00","0.0","38.22222222222222","0.524480967808408","101.6643114015554","0.0853905392419164","0.04147133648856203","0.22784256431491082","0.2941806145062928","60.937305330281156"
"2024-04-07 09:00:00","0.0","38.22222222222222","0.5482528399158982","98.05834862613658","0.08865645412902666","0.04256888098909092","0.23225198663481667","0.2949850329816887","66.39730539077355"
"2024-04-08 09:00:00","0.0","38.22222222222222","0.5720014572890121","95.27945985088807","0.08902163403672599","0.04212012357157826","0.22909002576540077","0.2955727459193056","67.22274048806968"
"2024-04-09 09:00:00","0.0","38.22222222222222","0.595724532132808","93.0242347130937","0.10005807991007123","0.04650863101335396","0.25307627794510695","0.29601752452508606","67.22274048806968"
"2024-04-10 09:00:00","0.0","38.22222222222222","0.6194195691393695","90.83396753730182","0.0984447518378919","0.04486579466915171","0.2448487547899258","0.29637547520231006","67.22274048806968"
"2024-04-11 09:00:00","0.0","38.22222222222222","0.643083850371831","88.70678030656465","0.1015416260461591","0.045305404873021524","0.24846422500760096","0.29666396776022275","67.22274048806968"
"2024-04-12 09:00:00","0.0","38.22222222222222","0.6667144198429334","86.64101306341207","0.09787318115280269","0.04271742403529852","0.2357207539740366","0.2969096814037184","67.22274048806968"
"2024-04-13 09:00:00","0.0","38.22222222222222","0.6903080679773248","84.63513340523316","0.10266887790493102","0.04380381290731038","0.2434890259095224","0.29711308592794344","67.22274048806968"
"2024-04-14 09:00:00","0.0","38.22222222222222","0.7138613161969273","82.68746655459888","0.10568424831666709","0.04407961729388915","0.2469119275761616","0.29730745475803166","67.22274048806968"
"2024-04-15 09:00:00","0.0","38.22222222222222","0.737370401925582","80.77394153225879","0.10660238834243886","0.04346972588489288","0.245452751828734","0.2974942670156964","67.22274048806968"
"2024-04-16 09:00:00","0.0","38.22222222222222","0.7608312643726561","78.93813920186959","0.10312931638075819","0.04111708704669881","0.23411207713273502","0.29767122942472557","67.22274048806968"
"2024-04-17 09:00:00","0.0","38.22222222222222","0.7842395315247378","77.15603242602353","0.10533073275560374","0.041056200843328575","0.23583218074522588","0.2978289172064468","67.22274048806968"
"2024-04-18 09:00:00","0.0","38.22222222222222","0.8075905088487755","75.4261973954849","0.10775672986289667","0.04107503029635138","0.2380447648084779","0.2979830611737064","67.22274048806968"
"2024-04-19 09:00:00","0.0","38.22222222222222","0.8308791702870847","73.74722760414286","0.10939797580512294","0.04078691847697986","0.2385308454833365","0.2981288256491649","67.22274048806968"
"2024-04-20 09:00:00","0.0","38.22222222222222","0.8541001522018073","72.11772964491026","0.10682825921256908","0.03897739784213532","0.2299811839870117","0.29828389123792376","67.22274048806968"
"2024-04-21 09:00:00","0.0","38.22222222222222","0.8772477509998122","70.53639780068815","0.11072903946748652","0.039555099333398104","0.235441953157236","0.29844686340481724","67.22274048806968"
"2024-04-22 09:00:00","0.0","38.22222222222222","0.9003159252337324","69.07879890804213","0.1976551341403568","0.06910960421112751","0.41522887799558517","0.2985799389798374","67.22274048806968"
"2024-04-23 09:00:00","0.0","38.22222222222222","0.9232983030246994","72.96404951793617","1.2518704876092759","0.42091391392844507","2.5991593191063997","0.29777326550938665","67.22274048806968"
"2024-04-24 09:00:00","0.0","38.22222222222222","0.946188195679978","88.26471847943003","2.1367884528776955","0.6620652920132659","4.385934976231829","0.29449822893919503","67.22274048806968"
"2024-04-25 09:00:00","0.2845129179910946","38.22222222222222","0.9689786183758714","106.2134807251887","7.280758886499686","1.896675236407045","14.778623725520536","0.28634170918369467","70.17657588340337"
"2024-04-26 09:00:00","1.1827177206933683","48.888888888888886","0.9916623187338853","106.22265883495551","7.81187913794764","2.284545728137966","15.685402564901809","0.28825715686273584","75.6365758834028"
"2024-04-27 09:00:00","2.248549979263278","59.55555555555555","1.0142318140271633","106.22521044707172","8.55443838473427","2.6512771343681565","16.995634410605096","0.2894850140190912","81.09657588340217"
"2024-04-28 09:00:00","3.496356773568303","70.22222222222221","1.0366794376062054","106.22745995750775","8.352584628025198","2.4982502642206432","16.424506931047972","0.2870169621294238","86.55657588340154"
"2024-04-29 09:00:00","4.940485809397953","80.88888888888887","1.0589973949211662","106.2295571282749","8.634330152815144","2.4288621356862112","16.809028645891047","0.28435125183248877","92.01657588340088"
"2024-04-30 09:00:00","6.595292412375784","102.22222222222219","1.0811778292389302","106.23149062862461","8.395706704794781","3.7215768625141266","16.18556493188167","0.2991743519772189","97.47657588340016"
"2024-05-01 09:00:00","8.475133381456736","112.88888888888884","1.103212896807224","106.23332271415099","9.206731748020543","3.4793818758131585","17.581023341830623","0.2940460242235615","102.93657588339943"
"2024-05-02 09:00:00","10.59537969323263","123.5555555555555","1.1233957289253778","106.26189989920468","10.480576491059486","3.236502111101566","19.843134316963003","0.2870072892695938","108.39657588339875"
"2024-05-03 09:00:00","12.968950794456664","144.88888888888886","1.1443879406126831","106.23607560716928","8.236572714328933","3.337512939669085","15.458923940986455","0.2957835659914551","113.85657588339811"
"2024-05-04 09:00:00","15.611615879779382","155.55555555555554","1.1636748352379558","106.26742280301175","9.753482294988881","3.0563716925319757","18.162243805598667","0.28736913774082756","119.31657588339748"
"2024-05-05 09:00:00","18.53555993937308","176.8888888888889","1.1845919092063624","106.23823903092614","9.558871248770116","3.8022595510132495","17.650982969223975","0.2951827964323171","124.77657588339684"
"2024-05-06 09:00:00","21.755710424072436","187.5555555555556","1.2057892170954871","106.23927323557011","10.38348922386044","3.2363631499435956","19.01411658925575","0.2880051380229214","130.2365758833962"
"2024-05-07 08:59:59","25.28698714579036","212.44444444444454","1.2267995071152107","106.24025116130913","10.250823718775758","4.892863740588667","18.61911052920792","0.3031208568759033","135.69657588339618"
"2024-05-08 08:59:59","29.143722523565543","224.888888888889","1.2476176707060782","106.24120071384958","9.469584972174856","3.7066910086799516","17.064465477443704","0.2970834033694441","141.15657588339613"
"2024-05-09 08:59:59","33.34012391838637","237.33333333333346","1.2682393794120903","106.24123283488703","4.416106189779502","1.82737092192222","7.896861680599329","0.3026106439540686","146.61657588339608"
"2024-05-10 08:59:59","37.88760894272123","237.33333333333346","1.2886611633499976","106.1641722813868","0.5471906069084552","0.15857303135346787","0.9711717903824327","0.2942370145789315","152.0765758833961"
"2024-05-11 08:59:59","42.49978371577116","237.33333333333346","1.3088804756375427","104.04121104354846","0.20718403289622164","0.05225180495791052","0.36504182039195365","0.2907851634574003","157.53657588339618"
"2024-05-12 08:59:59","46.622937933889446","237.33333333333346","1.3288957402140524","101.55535788730921","0.1414027846950936","0.03267089341416235","0.24737572575947966","0.28851565280406716","162.99657588339628"
"2024-05-13 08:59:59","48.34786447026965","237.33333333333346","1.348706381079851","99.44212746687367","0.25077190729995774","0.054297644665979486","0.4356843604422451","0.28687668214287776","168.45657588339634"
"2024-05-14 08:59:59","48.34786447026965","237.33333333333346","1.3683128317091364","97.60811794277572","0.14645474079988832","0.030158128700198596","0.25273708481186696","0.2857093174869627","173.60078725211545"
"2024-05-15 08:59:59","48.34786447026965","237.33333333333346","1.3877165242064333","96.29125706976093","0.14485782619487947","0.0287155979561327","0.24834516151254293","0.28499766174745594","174.13046965007763"
"2024-05-16 08:59:59","48.34786447026965","237.33333333333346","1.4069198586222966","95.20179488977895","0.14563516871520496","0.02798768370977257","0.24808540430017498","0.2845303608427877","174.13046965007763"
"2024-05-17 08:59:59","48.34786447026965","237.33333333333346","1.4259261536592853","94.2885946901969","0.13578366809417955","0.025425223493079952","0.22986558855052824","0.2842314291443997","174.13046965007763"
"2024-05-18 08:59:59","48.34786447026965","249.7777777777779","1.444739580727114","93.3968006455591","0.14517931204011833","0.04451677231795294","0.24428126240970266","0.30674292570340006","174.13046965007763"
"2024-05-19 08:59:59","48.34786447026965","249.7777777777779","1.4633650838985413","92.52578669265927","0.1399290198494308","0.036176344283190005","0.2340545104174253","0.3041273738817093","174.13046965007763"
"2024-05-20 08:59:59","48.34786447026965","249.7777777777779","1.4818082887410045","91.67497208844631","0.12961388384156358","0.030795889141911597","0.2155493239277268","0.30228013315796626","174.13046965007763"
"2024-05-21 08:59:59","48.34964421829031","249.7777777777779","1.5000754032359103","90.84359930340551","0.1411026509918681","0.031724528190030854","0.23333275378213572","0.3010016880323818","174.13046965007763"
"2024-05-22 08:59:59","48.68317532759278","249.7777777777779","1.5181731140475356","89.99700997555105","0.14167205339664393","0.03058959366831277","0.23298448619800077","0.30014599146503756","174.13046965007763"
"2024-05-23 08:59:59","49.633906273010666","249.7777777777779","1.5361084812815784","89.1065484033158","0.14725787766689072","0.030816708045546225","0.24086738843188557","0.29960177981882163","174.13046965007763"
"2024-05-24 08:59:59","51.28618470453815","249.7777777777779","1.5538888346066784","88.16531532793603","0.14296328144741072","0.02917643760649402","0.23261223627741526","0.29927814632638194","174.13046965007763"
"2024-05-25 08:59:59","53.769041144685865","249.7777777777779","1.5715216732354598","87.16263690060377","0.15142812692345342","0.030259153113540223","0.24511661755353548","0.29909275824201065","174.13046965007763"
"2024-05-26 08:59:59","57.27695633821728","249.7777777777779","1.5890145718131825","86.08221596209079","0.14909943337699721","0.029257110247129424","0.24013068850726127","0.2990058360548493","174.13046965007763"
"2024-05-27 08:59:59","62.09770064137287","249.7777777777779","1.606375093779434","84.95931103895398","0.2855054095830375","0.055116078154361724","0.4575479688416121","0.2989742187833494","174.13046965007763"
"2024-05-28 08:59:59","66.82400849402907","249.7777777777779","1.6236107147592305","88.62015025728275","1.4535058759418618","0.27243097961209983","2.3181033097230443","0.29816170738465136","174.13046965007763"
"2024-05-29 08:59:59","71.37761545779479","249.7777777777779","1.640728752823758","106.22203391288166","3.1953318414444434","0.5466103451932541","5.0718546496734715","0.29372649027265024","176.75744083952776"
"2024-05-30 08:59:59","86.01237919727092","264.00000000000017","1.6577363073761864","106.23799300146717","6.785223522307962","2.00142646627129","10.719859902118005","0.3068587275175869","182.2174408395279"
"2024-05-31 08:59:59","101.30149774008419","264.00000000000017","1.674640210177119","106.23692863097365","9.074348704607374","1.6082355069913457","14.270923337572896","0.29130189605721235","187.67744083952815"
"2024-06-01 08:59:59","117.25879535669898","278.2222222222224","1.691446984029354","106.23582865995385","9.12659277351273","1.936767779857939","14.288704105026325","0.2953184629533267","193.1374408395284"
"2024-06-02 08:59:59","133.89808402839438","292.4444444444446","1.70816280970315","106.2343498417474","9.471509915030149","2.226554470645168","14.763363682375179","0.2977406217295982","198.5974408395287"
"2024-06-03 08:59:59","151.23345032402636","304.8888888888891","1.724793500325498","106.23292758134858","10.459067520517959","2.3806570980051003","16.23207101189454","0.2949058349481479","204.05744083952897"
"2024-06-04 08:59:59","169.27885545619694","317.33333333333354","1.7413444823628133","106.23126493279801","10.56167621790354","2.2372153715576655","16.321508172848056","0.2918536054761848","209.5174408395292"
"2024-06-05 08:59:59","188.04829743920055","329.777777777778","1.7578207822808662","106.22948150267138","9.73573018603114","1.9032405603470308","14.982103736164593","0.2886305273148267","214.97744083952946"
"2024-06-06 08:59:59","207.5555013069519","342.22222222222246","1.7742270179594883","106.22739086820367","11.12114774629944","2.082807772603379","17.04354483192637","0.2880449861920482","220.43744083952956"
"2024-06-07 08:59:59","227.81475690452686","356.4444444444447","1.7905673939637623","106.22497595936649","10.61897152863769","1.9523962789395841","16.207908267071453","0.2870952191857932","225.89744083952962"
"2024-06-08 08:59:59","248.83966981547732","370.6666666666669","1.80684569981964","106.22241588336576","7.87423936906267","1.371937180703872","11.970560673550187","0.28442441217219516","231.35744083952972"
"2024-06-09 08:59:59","270.64281802886364","383.11111111111137","1.8230653105030612","106.21746383286603","3.3397111851965233","0.6167227604096032","5.057110253533681","0.28935870006912734","236.8174408395298"
"2024-06-10 08:59:59","293.2379362333082","395.5555555555558","1.8392291884214733","106.21518071989549","3.0603282591163286","0.6891634720778133","4.616093438647354","0.298411024145151","242.2774408395299"
"2024-06-11 08:59:59","316.63708993843653","395.5555555555558","1.8553398862404256","106.20996612833996","2.952514178253421","0.49235098504556374","4.436457385509603","0.28933801854598096","247.73744083953"
"2024-06-12 08:59:59","340.8570203414413","409.77777777777806","1.8713995499818372","106.20393929781034","2.2656484479389802","0.5374687189061629","3.3915527133423953","0.3037922142445799","253.19744083953006"
"2024-06-13 08:59:59","365.785830506341","409.77777777777806","1.8874099218920692","105.84603900302967","0.6879055304694306","0.12618812643542923","1.0259351898825877","0.2978463775021604","258.6574408395302"
"2024-06-14 08:59:59","389.97717014594963","409.77777777777806","1.9033723426452507","103.76462255316494","0.20611584243310851","0.03387721879767134","0.3062741579804258","0.2949754306907563","264.11744083953016"
"2024-06-15 08:59:59","409.1014603630076","409.77777777777806","1.9192877525095307","100.55717439166715","0.16126849589792727","0.02480844895308286","0.2387693811227591","0.2932532705071039","269.5774408395301"
"2024-06-16 08:59:59","410.3302037930118","409.77777777777806","1.9351566911606544","98.66001024048914","0.1569664343925811","0.023027677810187348","0.23157293927283268","0.2920790919781341","275.03744083953"
"2024-06-17 08:59:59","410.3302037930118","409.77777777777806","1.9509792958786623","96.9686082964265","0.17296210504914572","0.024470962857102162","0.2542759473206245","0.2912697393555582","278.40313142063144"
"2024-06-18 08:59:59","410.3302037930118","409.77777777777806","1.9667552979100866","95.60207787057628","0.1534361530306177","0.021104121855809458","0.22478966886830834","0.2907412215535429","278.40313142063144"
"2024-06-19 08:59:59","410.3302037930118","409.77777777777806","1.9824840168206228","95.08944820702318","0.16169516980045726","0.02174507541087096","0.23608083251498171","0.2904173399173005","278.40313142063144"
"2024-06-20 08:59:59","410.3302037930118","409.77777777777806","1.9981643527028297","94.68827222983687","0.15825659866321518","0.020896010954858726","0.23028252346609562","0.2902440991981554","278.40313142063144"
"2024-06-21 08:59:59","410.3302037930118","409.77777777777806","2.01379477614124","94.31729385615239","0.15155637688839993","0.01969969837349265","0.21980068790771165","0.29015839738570876","278.40313142063144"
"2024-06-22 08:59:59","410.3302037930118","409.77777777777806","2.029373315874564","93.92967755038342","0.16612765613384176","0.021313308935846403","0.24014440676563975","0.29017388088258955","278.40313142063144"
"2024-06-23 08:59:59","410.3302037930118","409.77777777777806","2.044897544132868","93.54870492329184","0.16568738309622716","0.02101266446203537","0.23873470931948934","0.29024292395271156","278.40313142063144"
"2024-06-24 08:59:59","410.3302037930118","409.77777777777806","2.060364559668141","93.17419463645537","0.16790272520025287","0.02107279188486584","0.2411566500660978","0.2903517211970186","278.40313142063144"
"2024-06-25 08:59:59","410.3302037930118","409.77777777777806","2.0757709685409846","92.80611301854059","0.1681536191128139","0.020900241939693413","0.24075915495970462","0.2904823872320915","278.40313142063144"
"2024-06-26 08:59:59","410.3302037930118","409.77777777777806","2.091112862775758","92.4443297508145","0.16801531075933399","0.02068836548327041","0.23981715709797083","0.2906182987498758","278.40313142063144"
"2024-06-27 08:59:59","410.3302037930118","409.77777777777806","2.106385797052763","92.08871542144985","0.1661324315076923","0.020273847518654197","0.2364070043493417","0.2907639482553643","278.40313142063144"
"2024-06-28 08:59:59","410.3302037930118","409.77777777777806","2.1215847636704614","91.7390806621629","0.17269674085259026","0.02089612574215895","0.24501032139915943","0.2909246508440805","278.40313142063144"
"2024-06-29 08:59:59","410.3302037930118","409.77777777777806","2.136704166084183","91.39530873892804","0.16906969205523442","0.020288296912752687","0.2391554146897492","0.2910898543587804","278.40313142063144"
"2024-06-30 08:59:59","410.3302037930118","409.77777777777806","2.1517377914115983","91.05722396684112","0.1661250708558059","0.019777862722358524","0.23430626403485205","0.29126916758103993","278.40313142063144"
"2024-07-01 08:59:59","410.626899379718","409.77777777777806","2.1666787823897615","90.7521483554434","0.2557340400128972","0.03021262452519349","0.3596596841928965","0.29145494053661847","278.40313142063144"
"2024-07-02 08:59:59","410.8075402540352","409.77777777777806","2.181519609373967","95.43318127039794","2.8476493368943476","0.32680761133570546","3.993601198994164","0.2904394119955209","278.40313142063144"
"2024-07-03 08:59:59","436.92192091914694","409.77777777777806","2.19625204308461","106.14425814466458","7.478269161801493","0.7781474563300422","10.45863451627301","0.2853834120957679","283.0762384945075"
"2024-07-04 08:59:59","482.7363769135701","422.2222222222225","2.2108671289332578","106.14715739721171","11.936140662033374","1.5386084693486952","16.647713431643545","0.2917031405462339","288.53623849450736"
"2024-07-05 08:59:59","529.6999825109988","434.66666666666697","2.2253551638909683","106.14575410155737","11.315138026599156","1.5566874140449871","15.739419481688511","0.29130178041583027","293.9962384945073"
"2024-07-06 08:59:59","577.8227900669654","448.8888888888892","2.2397056769972044","106.14421692604475","12.406712563841957","1.8128039175102477","17.21256492075185","0.29280510501397544","299.4562384945071"
"2024-07-07 08:59:59","627.1192520419947","463.1111111111114","2.253907414741435","106.14288960017232","11.433086582728134","1.6850503344784629","15.821026259556227","0.29186849257898634","304.91623849450696"
"2024-07-08 08:59:59","677.6030349693657","477.33333333333366","2.2679483326758114","106.14135603035734","12.90611725569659","1.8634777671065799","17.8144251844289","0.2904471229526913","310.3762384945068"
"2024-07-09 08:59:59","729.2846073845517","489.7777777777781","2.2818155947281666","106.139609963729","12.847659730077204","1.8607595614763712","17.690029981092508","0.2918549014886152","315.83623849450663"
"2024-07-10 08:59:59","782.1820012292619","504.00000000000034","2.2954955817712004","106.13542186650528","3.405080160627604","0.5412869890883599","4.67717989088762","0.2955031384012481","321.29623849450644"
"2024-07-11 08:59:59","836.2630770253814","504.00000000000034","2.308973911055887","106.13513959284934","4.538420763519008","0.5186674444437226","6.219251765300685","0.2847312290618981","326.75623849450625"
"2024-07-12 08:59:59","891.6294044141738","516.4444444444448","2.322235468124058","106.13488134927432","11.17673071868558","1.427629724805038","15.280934264104083","0.2889976842256557","332.21623849450606"
"2024-07-13 08:59:59","948.2510131835686","528.8888888888894","2.3352644527659883","106.13359459311052","10.697445272497143","1.5985428300678683","14.59293637953588","0.295825847176154","337.67623849450587"
"2024-07-14 08:59:59","1006.1520103046768","541.3333333333339","2.348044440473509","106.13144672190664","10.564977150470742","1.5959599569626306","14.380868643779188","0.2941845550262741","343.1362384945057"
"2024-07-15 08:59:59","1065.3359930219253","553.7777777777785","2.36055846064955","106.12971667872456","10.751642392668652","1.6371900242260713","14.604021504022764","0.29476565005673316","348.5962384945055"
"2024-07-16 08:59:59","1125.8163151757994","566.2222222222231","2.372789092565233","106.12830173025402","10.302472569360605","1.6356019317273927","13.96522992098368","0.295722358062413","354.0562384945053"
"2024-07-17 08:59:59","1187.6131488820429","578.6666666666677","2.3847185797041304","106.12679550956581","9.923762819455114","1.4489698607322894","13.425194064066151","0.29211039388927407","359.5162384945051"
"2024-07-18 08:59:59","1250.733241252367","592.8888888888899","2.3963289627023996","106.1235106430891","7.586830912054079","1.159789631061092","10.24404556962082","0.29591604279232087","364.9762384945047"
"2024-07-19 08:59:59","1315.1540646594885","592.8888888888899","2.4076022305907365","106.08434232810203","1.485917295139141","0.16432052171028338","2.0026390341005618","0.28514784020032075","370.43623849450415"
"2024-07-20 08:59:59","1375.5591050483931","607.1111111111122","2.4185204894816312","102.99643595809262","0.16771641102923182","0.028313863808738356","0.22563749989498913","0.30782189951074007","375.8962384945036"
"2024-07-21 08:59:59","1411.8925116237804","607.1111111111122","2.4290661472396056","100.02189870242535","0.16546221267368896","0.02295741534947604","0.22222536465888598","0.3036283399881531","381.3562384945031"
"2024-07-22 08:59:59","1411.899383379381","607.1111111111122","2.4392221120425175","98.61177636794176","0.16505310242328072","0.02064566956796121","0.22131436260344656","0.30067896908206837","386.81623849450256"
"2024-07-23 08:59:59","1411.899383379381","607.1111111111122","2.4489720021101045","97.27031311946924","0.16874658915311871","0.019737942660406373","0.2259147659618899","0.298654595202195","390.9523538279874"
"2024-07-24 08:59:59","1411.899383379381","607.1111111111122","2.458300363263781","96.09688521510685","0.17180142716151967","0.01917328016854929","0.2296641457305898","0.2972823876149496","391.03268971793665"
"2024-07-25 08:59:59","1411.899383379381","607.1111111111122","2.46719289041083","95.41966188570944","0.17387744764695148","0.018762516015312387","0.23211331708977995","0.29638390142199555","391.03268971793665"
"2024-07-26 08:59:59","1411.899383379381","607.1111111111122","2.475636648537844","95.17884316870301","0.16795820035654863","0.017688514840977505","0.22391453609460943","0.29582497193249147","391.03268971793665"
"2024-07-27 08:59:59","1411.899383379381","607.1111111111122","2.483620288372834","94.85127495747619","0.021033450099606853","0.0021738878331118722","0.028005932124125235","0.29543709816023334","391.03268971793665"
"2024-07-28 08:59:59","1443.4923023442866","607.1111111111122","2.4907944553453545","100.66710569758588","-0.03077088045896824","-0.002676253129771993","-0.040925603537975766","0.2857332854473843","395.1330018896566"
"2024-07-29 08:59:59","1509.6510198627275","621.3333333333345","2.4947222936518894","103.92148192608202","0.024758824209908513","0.0029427660733705807","0.032909472890535515","0.2961557411772805","400.5930018896561"
"2024-07-30 08:59:59","1585.3234963420457","635.5555555555568","2.497594943375246","103.97754859415085","0.4073347433027823","0.06907175799075714","0.5411896801923706","0.3099187641495818","406.05300188965555"
"2024-07-31 08:59:59","1663.5735513740187","635.5555555555568","2.498346543753486","106.06207775457194","13.262249228248406","1.3966982313546081","17.61833383632317","0.29097266389974336","411.513001889655"
"2024-08-01 08:59:59","1746.8928636835187","649.7777777777791","2.496676383122512","106.12783805903861","13.031235310031299","1.4471694325529016","17.31590800636384","0.2876963081604954","416.9730018896545"
"2024-08-02 08:59:59","1831.6118530335314","666.6666666666681","2.4995938795476054","106.09081950760907","13.181296923356339","1.7257502770139685","17.50742194667459","0.2904282961062867","422.43300188965395"
"2024-08-03 08:59:59","1917.7771970332628","676.4444444444459","2.504327526992567","106.07669156636749","5.450587960799687","0.6015292221763214","7.234204137224546","0.28690575264945956","427.8930018896534"
"2024-08-04 08:59:59","2005.4955274763402","688.8888888888905","2.50859136668743","106.08274005463859","12.665542569728837","1.5047393754111253","16.799129718069956","0.28967223841803313","433.3530018896531"
"2024-08-05 08:59:59","2094.80014108615","701.3333333333351","2.5123944384115897","106.08004034439757","11.764808276217439","1.3116976133200506","15.595337915507924","0.2851884364444385","438.8130018896529"
"2024-08-06 08:59:59","2185.6862816873204","721.7777777777796","2.515748120816408","106.07671611896836","13.499062332745385","1.9931164052688581","17.885079997302086","0.29343135820643584","444.27300188965273"
"2024-08-07 08:59:59","2278.1680898424197","742.2222222222242","2.518665999558308","106.07358048098183","12.484376298688662","2.1513602039320636","16.533347533939203","0.29988739402465603","449.73300188965254"
"2024-08-08 08:59:59","2372.2583053406474","756.4444444444465","2.5211636977722724","106.0710263626485","11.970885858508357","1.8271882328663052","15.847290319476631","0.29524564953207855","455.19300188965235"
"2024-08-09 08:59:59","2467.969332809832","768.8888888888911","2.5232586734334608","106.06706243289842","12.202783014338564","1.551539588444349","16.149133724584203","0.28765923977880903","460.65300188965216"
"2024-08-10 08:59:59","2565.3737719781893","792.8888888888912","2.52290257739091","106.1008186035596","12.890541540914633","2.2754444582818585","17.060235177114222","0.2977482211642185","466.11300188965197"
"2024-08-11 08:59:59","2664.6975339796422","811.5555555555579","2.514827946843701","106.12305703427505","14.24757144089344","2.4012564622468173","18.87944276052118","0.2970107974726167","471.5730018896518"
"2024-08-12 08:59:59","2765.65598918731","824.0000000000025","2.507915829304342","106.07847124865707","12.97979973717694","1.6909317658584824","17.217733773574516","0.286605046874001","477.0330018896516"
"2024-08-13 08:59:59","2868.123746153773","850.6666666666694","2.504449370153766","106.08669578405016","13.512807266147536","2.6026070794735636","17.934317390220997","0.29989470882111774","482.4930018896514"
"2024-08-14 08:59:59","2972.375764729504","864.8888888888916","2.498372199218486","106.07866213462952","13.317033854409361","1.995742799078947","17.69104281522115","0.29144819981629133","487.9530018896512"
"2024-08-15 08:59:59","3078.3706330369623","880.0000000000028","2.4863465504961306","106.12869628910786","14.892997074483567","1.9421611057685133","19.821536086529978","0.28510652133695547","493.413001889651"
"2024-08-16 08:59:59","3184.6850044321245","905.7777777777808","2.4739415186997724","106.1199301994176","13.088954569680645","2.1356565423252163","17.454257208165874","0.29308135373079086","498.8730018896508"
"2024-08-17 08:59:59","3290.9374435566433","932.4444444444476","2.463075625067863","106.08388786783256","13.4369092360702","3.0890895052953837","17.948907650965445","0.3046371954955316","504.33300188965063"
"2024-08-18 08:59:59","3397.0214646619397","944.8888888888922","2.4558202515863523","106.07030140026592","13.306910561905841","2.1553958643620157","17.795668382524806","0.29226124904833806","509.79300188965044"
"2024-08-19 08:59:59","3503.0407341143436","960.0000000000034","2.4497395719309227","106.06956767724537","15.373332714896481","2.098861448530816","20.579014589056218","0.2854312629480422","515.2530018896502"
"2024-08-20 08:59:59","3608.929778638434","984.0000000000036","2.4470906224895614","106.03668152949956","12.277634645902367","2.073943628865161","16.441994449949412","0.29357962041720587","520.7130018896501"
"2024-08-21 08:59:59","3714.7042363144624","996.4444444444482","2.4465835527734985","106.03339084639717","7.882654105789057","1.0544834163491064","10.557166557658338","0.2852474300666328","526.1730018896499"
"2024-08-22 08:59:59","3818.1524856628957","1008.8888888888928","2.4460424496139446","105.64084516889527","12.944826200823186","1.828431085737133","17.338383634988887","0.2928160463249164","531.6330018896498"
"2024-08-23 08:59:59","3918.9771019671325","1023.1111111111151","2.4453978435360852","105.18936491702192","14.429290347220668","2.4796002326461903","19.328672313318357","0.30432886685854443","537.0930018896498"
"2024-08-24 08:59:59","4022.5828506025546","1023.1111111111151","2.444666506670436","105.92981525121844","2.181151344139144","0.2566736898064765","2.922089748815549","0.28892982174879583","542.5530018896497"
"2024-08-25 08:59:59","4126.880212238378","1035.5555555555593","2.443864157249123","105.48648035917891","1.0808463150048808","0.21012543334591108","1.4481960015358613","0.307092825800601","548.0130018896498"
"2024-08-26 08:59:59","4223.6779822304625","1035.5555555555593","2.4430054471967315","103.70215894059807","0.3016288177830021","0.04229965945037787","0.40419954301241234","0.3012110883910473","553.4730018896497"
"2024-08-27 08:59:59","4305.323750451385","1035.5555555555593","2.4421039653005443","101.35719365820454","0.18124015685790082","0.0223492231724599","0.24290698684735862","0.29763298580513914","558.9330018896497"
"2024-08-28 08:59:59","4338.190546673553","1035.5555555555593","2.441172253502278","99.92768404788035","0.18112898482872777","0.020732073067331772","0.24279417206917625","0.2952095076965479","564.3930018896497"
"2024-08-29 08:59:59","4338.190546673553","1035.5555555555593","2.4402218339436037","99.19084559521097","0.17375454080342334","0.01893142546839225","0.2329445392925895","0.2935306214364912","569.8530018896497"
"2024-08-30 08:59:59","4338.190546673553","1035.5555555555593","2.439263244551134","98.45777728022479","0.17025146209801784","0.017935597464097636","0.2282831705168198","0.29239526590479586","575.3130018896496"
"2024-08-31 08:59:59","4338.190546673553","1035.5555555555593","2.4383060811423625","97.7353395372032","0.1735279503266749","0.017855607655651112","0.2327121709367782","0.29161906336052323","580.4009357276906"
"2024-09-01 08:59:59","4338.190546673553","1035.5555555555593","2.437359044254273","97.07727812371053","0.1731790908955722","0.017542287831920484","0.2322795982295919","0.29113721883364757","582.2054143671736"
"2024-09-02 08:59:59","4338.190546673553","1035.5555555555593","2.436429989126526","96.45568290784517","0.17508503045128476","0.01755094685470995","0.234870981598091","0.29084520610886505","582.2054143671736"
"2024-09-03 08:59:59","4338.190546673553","1035.5555555555593","2.4355259774997595","95.87664659523546","0.1681902475202333","0.016748322455139634","0.2256545963148819","0.290691564961063","582.2054143671736"
"2024-09-04 08:59:59","4338.190546673553","1035.5555555555593","2.4346533301083446","95.51350407578211","0.18219601775593947","0.01807307576526535","0.24447988329599618","0.29063951018494855","582.2054143671736"
"2024-09-05 08:59:59","4338.190546673553","1035.5555555555593","2.4338176789501427","95.30152163046662","0.17137430777506446","0.01696535501020199","0.22998964783373618","0.29065215014917184","582.2054143671736"
"2024-09-06 08:59:59","4338.190546673553","1035.5555555555593","2.43302401859999","95.16836818826617","0.17194861365218084","0.017009252920190274","0.23078983488375307","0.2907077494099879","582.2054143671736"
"2024-09-07 08:59:59","4338.190546673553","1035.5555555555593","2.432276755996914","95.04248006572269","0.17257664386553984","0.01707770062059232","0.23166062578591873","0.2908077791422356","582.2054143671736"
"2024-09-08 08:59:59","4338.190546673553","1035.5555555555593","2.43157975827722","94.91654789663257","0.1749691497140877","0.017329828401024285","0.2348985881033078","0.29092416335004373","582.2054143671736"
"2024-09-09 08:59:59","4338.190546673553","1035.5555555555593","2.4309363983469816","94.7905742674207","0.1683036060407326","0.016690341657462315","0.22597340772958896","0.291051381105952","582.2054143671736"
"2024-09-10 08:59:59","4338.190546673553","1035.5555555555593","2.430349597989501","94.66455523332432","0.18022824207760482","0.017905459389709506","0.2420069341791538","0.2912055487581716","582.2054143671736"
"2024-09-11 08:59:59","4338.190546673553","1035.5555555555593","2.4298218683875334","94.53849986787338","0.17717217635387247","0.017637597448764634","0.23792354026735826","0.2913688692771451","582.2054143671736"
"2024-09-12 08:59:59","4338.190546673553","1035.5555555555593","2.42935534800838","94.41237889209552","0.17073857255617442","0.017037077580145395","0.22930113095319","0.2915495339741791","582.2054143671736"
"2024-09-13 08:59:59","4338.190546673553","1035.5555555555593","2.428951837854327","94.28620417182938","0.16593204377983173","0.016600404306246427","0.22286048276866016","0.2917449330950723","582.2054143671736"
"2024-09-14 08:59:59","4338.190546673553","1035.5555555555593","2.428612834123186","94.36104120431585","0.4794008299643674","0.04797573773803695","0.6439102359614237","0.29181299206327777","582.2054143671736"
"2024-09-15 08:59:59","4338.190546673553","1035.5555555555593","2.4283395583557126","95.58408529515489","1.1787861245588496","0.11640883401465231","1.583363778366489","0.2910781251771362","582.2054143671736"
"2024-09-16 08:59:59","4338.190546673553","1035.5555555555593","2.4281329851701305","98.69799460656492","2.5314517747684016","0.23943689325052436","3.4003985440284192","0.28856032414135313","583.7826038569871"
"2024-09-17 08:59:59","4381.003999518963","1035.5555555555593","2.4279165187165033","102.39238329834939","3.573015527215735","0.31619317209095626","4.799657357737078","0.2845564471340405","589.2426038569869"
"2024-09-18 08:59:59","4474.617596461866","1046.2222222222258","2.42784437673423","105.88862871444566","4.580416925586588","0.5453373363170166","6.152978498514928","0.29601238289699106","594.7026038569867"
"2024-09-19 08:59:59","4580.191059506457","1046.2222222222258","2.427842270727051","106.02483169851966","5.605738106368832","0.5442351364481156","7.530318378989191","0.2873704556156346","600.1626038569865"
"2024-09-20 08:59:59","4685.894864925417","1056.8888888888923","2.4279087661600642","106.02949931218485","9.222611821631784","1.1431143597554556","12.388816035698246","0.2947965459475187","605.6226038569863"
"2024-09-21 08:59:59","4791.633706091681","1067.5555555555588","2.4280439433045","106.03181337500514","11.225605075315572","1.5040105270139805","15.079125701870222","0.2946417009075039","611.0826038569861"
"2024-09-22 08:59:59","4897.3758785975115","1078.2222222222254","2.4282477582774296","106.03185315527304","11.801897447782599","1.544583976663362","15.852726186215762","0.292078960523955","616.5426038569859"
"2024-09-23 08:59:59","5003.117635285225","1088.8888888888919","2.428520057462513","106.03112831315617","12.30860996213571","1.4912063764274262","16.532634171850503","0.28804723550213596","622.0026038569857"
"2024-09-24 08:59:59","5108.856362501805","1100.4444444444473","2.4288605905447342","106.03081851896748","10.28802564600721","1.199277798165032","13.817874150762973","0.28510863213441057","627.4626038569855"
"2024-09-25 08:59:59","5214.592579465471","1120.8888888888914","2.429269022274565","106.03082272713635","10.822824090872148","1.7661844760121546","14.535206100613074","0.296374214053","632.9226038569853"
"2024-09-26 08:59:59","5320.326765075232","1131.555555555558","2.4297449430703","106.0303717860273","11.570592043845298","1.58386382945546","15.538276994320363","0.28993732147904644","638.3826038569852"
"2024-09-27 08:59:59","5426.0594112621075","1148.4444444444466","2.4302878785603017","106.02963859378318","10.647593319009966","1.6997373830669016","14.297520791145669","0.29347839915164836","643.842603856985"
"2024-09-28 08:59:59","5531.786841570687","1163.5555555555575","2.4308972981599153","106.02968141589596","10.017839544228215","1.5711572019260012","13.450570954708203","0.29365188762590716","649.3026038569848"
"2024-09-29 08:59:59","5637.499880728936","1174.222222222224","2.4315726227709","106.02335376213433","9.872971379864323","1.3708978979698707","13.254620630458188","0.29057418814477776","654.7626038569846"
"2024-09-30 08:59:59","5743.070802217306","1184.8888888888905","2.4323132316844887","105.9553074223945","2.570062024431717","0.38537110210663894","3.4499377731779566","0.29738080426982727","660.2226038569844"
"2024-10-01 08:59:59","5846.270693436008","1184.8888888888905","2.4331184687627454","105.02365628392715","0.4688673027466272","0.05648937716827199","0.6293052403378054","0.29184470846543353","665.6826038569842"
"2024-10-02 08:59:59","5938.423022223401","1184.8888888888905","2.433987647966742","102.98935382194894","0.1679238592048541","0.01833809230276392","0.22535288146370522","0.2890813772061874","671.142603856984"
"2024-10-03 08:59:59","6016.505423424036","1184.8888888888905","2.4349200582942823","101.09254542744024","0.17205700659173845","0.01768816998589849","0.2308649492940072","0.28725087847169045","676.6026038569838"
"2024-10-04 08:59:59","6046.877237991621","1184.8888888888905","2.4359149681844574","99.97467368676979","0.17170911083352997","0.016943915834117473","0.23036133613744095","0.28600135042635766","682.0626038569836"
"2024-10-05 08:59:59","6046.877237991621","1184.8888888888905","2.436971629441251","99.33305219585122","0.16953894891392346","0.01625866386703473","0.2274113243217357","0.28516648097325176","687.5226038569834"
"2024-10-06 08:59:59","6046.877237991621","1184.8888888888905","2.4380892807237253","98.68415598661105","0.1723965851237664","0.016205580447472945","0.23120297269264717","0.284629011977099","692.9826038569832"
"2024-10-07 08:59:59","6046.877237991621","1184.8888888888905","2.4392671506459243","98.0275354498563","0.16959310687105772","0.015721083715347042","0.22740026681947206","0.28430010036408127","698.442142777349"
"2024-10-08 08:59:59","6046.877237991621","1195.555555555557","2.4405044605256787","97.38981442088428","0.1678841519349474","0.02421242074154736","0.2250642015017364","0.3035585221177322","701.9955310339253"
"2024-10-09 08:59:59","6046.877237991621","1195.555555555557","2.441800426817778","96.78775091399451","0.17326059647670677","0.021716387743092667","0.2322236600941182","0.30136621215816384","702.4292747588327"
"2024-10-10 08:59:59","6046.877237991621","1195.555555555557","2.4431542632636223","96.18367718032337","0.1688965488502914","0.019871646550114017","0.22632547090455782","0.29983247262313406","702.4292747588327"
"2024-10-11 08:59:59","6046.877237991621","1195.555555555557","2.4445651827863855","95.70001118788815","0.16828690587935893","0.01908583431925856","0.2254577149572185","0.2988147640256108","702.4292747588327"
"2024-10-12 08:59:59","6046.877237991621","1195.555555555557","2.4460323991579127","95.41862429007728","0.16598990373454528","0.01838502413249922","0.22232830321769387","0.2981642980048715","702.4292747588327"
"2024-10-13 08:59:59","6046.877237991621","1195.555555555557","2.4475551284610146","95.2577087106633","0.16488511170377418","0.017974814030318725","0.2207949214195381","0.29776920324860806","702.4292747588327"
"2024-10-14 08:59:59","6046.877237991621","1195.555555555557","2.4491325903685","95.14880105293084","0.16475386021131422","0.01777145529454117","0.22056373579816863","0.29756259009104574","702.4292747588327"
"2024-10-15 08:59:59","6046.877237991621","1195.555555555557","2.4507640092581866","95.04095089066901","0.1678281381358788","0.01797712301401928","0.22462109542488823","0.29748581357562204","702.4292747588327"
"2024-10-16 08:59:59","6046.877237991621","1195.555555555557","2.452448615181215","94.93320155479022","0.1635755592045354","0.01744355075239543","0.21887082646361747","0.2975000378379121","702.4292747588327"
"2024-10-17 08:59:59","6046.877237991621","1195.555555555557","2.4541856446992414","94.82555409943873","0.16746949186545632","0.01781445257033631","0.2240192693504828","0.29759071557837113","702.4292747588327"
"2024-10-18 08:59:59","6046.877237991621","1195.555555555557","2.4559743416045623","94.71801234843028","0.16823671663230588","0.017873526586905435","0.2249817242867373","0.29772692296334047","702.4292747588327"
"2024-10-19 08:59:59","6046.877237991621","1195.555555555557","2.457813957535755","94.64352932134902","0.285477946128014","0.03029844752737789","0.38165630429413056","0.29785919874702876","702.4292747588327"
"2024-10-20 08:59:59","6046.877237991621","1195.555555555557","2.459703752500195","95.54768665827957","1.7226750451856305","0.18000507344326352","2.3023606765185507","0.2971123416926262","702.4292747588327"
"2024-10-21 08:59:59","6046.877237991621","1195.555555555557","2.461642995313616","98.4271898369204","3.6396916825361028","0.35682527171155065","4.862968697327878","0.2934201327070303","703.8902211409771"
"2024-10-22 08:59:59","6075.180174725125","1195.555555555557","2.4636309639658616","101.68152461345174","4.735052009758011","0.4266533837918101","6.3244874653463565","0.28833671336148226","709.3502211409769"
"2024-10-23 08:59:59","6163.1901345172155","1206.2222222222235","2.4656669459210327","105.23148953138924","7.8520719219632396","0.9670075601367901","10.48444487312162","0.2968685144463707","714.8102211409768"
"2024-10-24 08:59:59","6267.961188687818","1216.88888888889","2.4677502383593968","106.00738425143783","11.235255096980385","1.649979053434738","14.996905090309316","0.29899754589525923","720.2702211409766"
"2024-10-25 08:59:59","6373.546127381241","1227.5555555555566","2.469880148367648","106.0073131357097","11.282744248233891","1.6503294660388101","15.055250554797249","0.29768766038390093","725.7302211409766"
"2024-10-26 08:59:59","6479.13353482359","1238.222222222223","2.472055993083457","106.00717839478065","11.657743632878232","1.6033425130868189","15.550320548062736","0.29476349846298755","731.1902211409771"
"2024-10-27 08:59:59","6584.715212147912","1248.8888888888896","2.4742770997995973","106.00618950065578","6.693500586882971","0.8904296411880948","8.925383270389371","0.293233080265533","736.6502211409776"
"2024-10-28 08:59:59","6690.290816742254","1259.555555555556","2.4765428060324006","106.00871854293906","10.627392933972823","1.416020661896246","14.165966471092766","0.292870951170759","742.1102211409781"
"2024-10-29 08:59:59","6795.880992158528","1270.2222222222226","2.4788524595587935","106.00825853291043","10.42897274168445","1.2784547531917858","13.896458731881077","0.28894670794742633","747.5702211409786"
"2024-10-30 08:59:59","6901.471728798874","1280.8888888888891","2.4812054184257244","106.00886160628424","12.020423270810873","1.3369354166701133","16.011160124179764","0.28455422420485416","753.030221140979"
"2024-10-31 08:59:59","7007.064408962711","1302.2222222222222","2.4836010509353823","106.00880978570657","10.42567700340879","1.6931344501379293","13.88177765734198","0.29711000794620906","758.4902211409795"
"2024-11-01 08:59:59","7112.658832555927","1312.8888888888887","2.4860387356092426","106.00944903392285","12.758802308511305","1.7158081436492119","16.981885413969394","0.290242774076114","763.95022114098"
"2024-11-02 08:59:59","7218.254238542106","1327.9999999999995","2.4885178611336625","106.00962156890651","11.743281160349708","1.6886690662569528","15.62421088631108","0.2910552656351229","769.4102211409805"
"2024-11-03 08:59:59","7323.835922366794","1344.8888888888882","2.4910378262894612","105.99384168199951","4.127266096981053","0.7170117573119551","5.489101319429594","0.30025503519203134","774.870221140981"
"2024-11-04 08:59:59","7429.216134225087","1344.8888888888882","2.493598039867635","105.92138224236378","1.8523163723819311","0.2184262700087104","2.4625306656964696","0.29009911012730205","780.3302211409815"
"2024-11-05 08:59:59","7531.675506879865","1344.8888888888882","2.4961979205731577","105.01532925538035","0.6532361718176507","0.06685032684712401","0.8680845449118644","0.28593116342142255","785.790221140982"
"2024-11-06 08:59:59","7625.195426557338","1355.5555555555547","2.498836896918564","103.35028018992256","0.17342729457110417","0.03009517065358196","0.2303733452440737","0.3045402747654879","791.2502211409825"
"2024-11-07 08:59:59","7706.6416943618415","1355.5555555555547","2.5015144071088815","101.66315803367984","0.17109868599568887","0.02228369955170815","0.22718630440603926","0.30068786370004524","796.710221140983"
"2024-11-08 08:59:59","7763.179963908362","1355.5555555555547","2.5042298989192373","100.31721908116076","0.17076664306823663","0.019893220995423826","0.2266506502675962","0.29799164479800727","802.1702211409835"
"2024-11-09 08:59:59","7767.559173814806","1355.5555555555547","2.5069828295663874","99.63244354996722","0.1727966363050263","0.018878655112678718","0.2292479594010431","0.2961113384590786","807.630221140984"
"2024-11-10 08:59:59","7767.559173814806","1355.5555555555547","2.5097726655752135","99.0053678831596","0.17095211373865618","0.017907057989293103","0.22670379695069678","0.2948372338902046","813.0902211409845"
"2024-11-11 08:59:59","7767.559173814806","1355.5555555555547","2.512598882641175","98.3814853184564","0.1702692703217151","0.01732408090400588","0.2257005533048817","0.29399151156683245","818.550221140985"
"2024-11-12 08:59:59","7767.559173814806","1355.5555555555547","2.51546096548953","97.7646957188004","0.15908069425346263","0.015858004070916323","0.2107772859087283","0.2934492109494889","823.6574324220355"
"2024-11-13 08:59:59","7767.559173814806","1355.5555555555547","2.5183584077321","97.18310621360368","0.17323893124555542","0.017028332895807612","0.22943507134194047","0.2931435803392651","825.8666912296812"
"2024-11-14 08:59:59","7767.559173814806","1355.5555555555547","2.521290711722217","96.62827562908703","0.1719955193190153","0.01674222607492043","0.2276865950930337","0.29299368173003193","825.9141565728228"
"2024-11-15 09:00:00","7767.559173814806","1355.5555555555547","2.5242573884084565","96.07934288039485","0.17271380089155888","0.016699751138374727","0.22853434543612944","0.2929520486818313","825.9141565728228"
"2024-11-16 09:00:00","7767.559173814806","1355.5555555555547","2.527257957187657","95.67517275380682","0.1685929011624503","0.016226009705083803","0.22298002288389895","0.2929823258022164","825.9141565728228"
"2024-11-17 09:00:00","7767.559173814806","1355.5555555555547","2.5302919457576656","95.42985393469287","0.17273224578152943","0.0165725183756878","0.22834972817881471","0.293064803974852","825.9141565728228"
"2024-11-18 09:00:00","7767.559173814806","1355.5555555555547","2.5333588899702444","95.28101800600537","0.17371163279853802","0.01663354757083561","0.22953800555203507","0.2931888234817804","825.9141565728228"
"2024-11-19 09:00:00","7767.559173814806","1355.5555555555547","2.53645833368443","95.1835163242012","0.17191374553185812","0.016442158667717078","0.22705610370418033","0.2933427232353646","825.9141565728228"
"2024-11-20 09:00:00","7767.559173814806","1355.5555555555547","2.5395898286206764","95.09042593476829","0.17196436815425736","0.01643853293587218","0.2270158708637163","0.2935228282130527","825.9141565728228"
"2024-11-21 09:00:00","7767.559173814806","1355.5555555555547","2.542752934216047","94.99746462320675","0.16730491131421","0.01598622559477014","0.2207597792729863","0.29370013030678827","825.9141565728228"
"2024-11-22 09:00:00","7767.559173814806","1355.5555555555547","2.5459472174806606","94.90462747309279","0.16766105494052458","0.016019816575219357","0.22112372418943735","0.2938946139722826","825.9141565728228"
"2024-11-23 09:00:00","7767.559173814806","1355.5555555555547","2.5491722528555916","94.86912392729698","0.3934599406332648","0.03755433400112523","0.5186733887787575","0.29402627199603315","825.9141565728228"
"2024-11-24 09:00:00","7767.559173814806","1355.5555555555547","2.5524276220723947","95.28610149834653","0.8905032032612074","0.08426531503448391","1.17332326278514","0.293699302580233","825.9141565728228"
"2024-11-25 09:00:00","7767.559173814806","1355.5555555555547","2.5557129140143897","96.7845849295193","5.243132026405595","0.47774998538889574","6.9049450908561205","0.2916266497551729","825.9141565728228"
"2024-11-26 09:00:00","7772.84297576531","1366.2222222222213","2.559027724579825","100.66179744009865","3.746307331536097","0.4962591054953127","4.931267986059162","0.3007617726554955","830.3483667075075"
"2024-11-27 09:00:00","7849.072921429108","1366.2222222222213","2.562371656547014","103.25680472008139","4.6404259476440615","0.4587541149934605","6.105164612634475","0.29211672171347436","835.8083667075053"
"2024-11-28 09:00:00","7946.820996125111","1376.8888888888878","2.565744319441527","105.953157039461","11.124185856068841","1.2218755155480545","14.628193464265781","0.2914392257338603","841.2683667075037"
"2024-11-29 09:00:00","8052.407989670159","1387.5555555555543","2.5691453294055115","106.01916334248986","12.547131148193571","1.3521203888293511","16.491055660164683","0.28893398553477423","846.7283667075017"
"2024-11-30 09:00:00","8158.073772805086","1399.1111111111004","2.5725743090691706","106.020662876378","12.458955028354533","1.2965009425319154","16.36687881285997","0.28543590673151853","852.1883667074998"
"2024-12-01 09:00:00","8263.740173993732","1419.5555555555445","2.5760308874244635","106.02092694760235","11.200353400766053","1.6602195931257802","14.706011612210386","0.2969232960545017","857.6483667074979"
"2024-12-02 09:00:00","8369.41011913675","1430.222222222211","2.579514699701039","106.02068543797985","11.360501970315363","1.4266166730454735","14.908651562935272","0.2910361480187429","863.1083667074957"
"2024-12-03 09:00:00","8475.081298598396","1440.8888888888775","2.5830253872444238","106.02086443888872","13.368481998925605","1.4419360300919604","17.534741648073815","0.2846853104126279","868.5683667074933"
"2024-12-04 09:00:00","8580.75591991999","1462.2222222222106","2.586562597396478","106.02174074039152","12.59992087179976","1.8199707356615715","16.518108935188515","0.29430550341812367","874.0283667074908"
"2024-12-05 09:00:00","8686.433145799165","1472.888888888877","2.5901259833781283","106.02227316435457","11.470628328892593","1.3445573393841612","15.029820017436204","0.28670532950114425","879.488366707488"
"2024-12-06 09:00:00","8792.1127907258","1494.2222222222101","2.593715204174354","106.02256791890977","10.191615004776553","1.6594818053486073","13.346964576650453","0.2978579164553222","884.9483667074855"
"2024-12-07 09:00:00","8897.794591315236","1504.8888888888766","2.5973299244214387","106.02300665567458","10.923798203661264","1.4397440655816909","14.298319150806964","0.2908184227063098","890.408366707483"
"2024-12-08 09:00:00","9003.478378678741","1516.4444444444227","2.600969814296466","106.02356427334708","10.829275417729843","1.250861104502831","14.167116326322356","0.2854401600353041","895.8683667074806"
"2024-12-09 09:00:00","9109.167291949489","1536.8888888888669","2.6046345494090333","106.02394700865732","10.330076470125881","1.511327306635348","13.506887824643847","0.29431360956116526","901.3283667074778"
"2024-12-10 09:00:00","9214.851322745702","1547.5555555555334","2.6083238106951816","106.01997830332672","6.663490796716788","0.8369025167305613","8.708076519048134","0.29011799005779887","906.7883667074753"
"2024-12-11 09:00:00","9320.492700891396","1558.2222222222","2.6120372843134865","106.00629955024345","3.2495622638332464","0.42146123192107443","4.244367549931146","0.2938161570891874","912.2483667074728"
"2024-12-12 09:00:00","9424.324280001467","1558.2222222222","2.6157746615433206","105.15190937067516","0.17810622174098537","0.01843895771306951","0.2325058800675971","0.2881896569111786","917.7083667074704"
"2024-12-13 09:00:00","9518.897817997784","1558.2222222222","2.6195356386852255","103.62100646506414","0.18354833482539015","0.017174700067849602","0.23948101609868458","0.2855139658051196","923.1683667074676"
"2024-12-14 09:00:00","9603.310566370348","1568.8888888888664","2.62331991696338","102.22041467881142","0.17468236032015125","0.02636703285023892","0.22778996179026811","0.3040414612277301","928.628366707465"
"2024-12-15 09:00:00","9678.039302254547","1568.8888888888664","2.627127202430121","100.93933484217054","0.18787336688878833","0.022226501142349708","0.24485825825409868","0.3002816379349072","934.0883667074626"
"2024-12-16 09:00:00","9710.880637671613","1568.8888888888664","2.6309572058725017","100.09340545953239","0.18800270182632056","0.020038251932498072","0.2448932313875843","0.2976071432003999","939.5483667074601"
"2024-12-17 09:00:00","9711.434641581567","1568.8888888888664","2.634809642720821","99.57446954225568","0.18748864024868103","0.018779716965609226","0.2440899939246785","0.29575219006564485","945.0083667074574"
"2024-12-18 09:00:00","9711.434641581567","1568.8888888888664","2.638684232959123","99.06321672225158","0.18514806937811407","0.017788944544458177","0.24091049986463098","0.2944862606491871","950.4683667074548"
"2024-12-19 09:00:00","9711.434641581567","1568.8888888888664","2.6425807010375997","98.55410749595066","0.1782898024456372","0.016637792057942927","0.23185891062642083","0.29364040531972097","955.9283667074524"
"2024-12-20 09:00:00","9711.434641581567","1568.8888888888664","2.646498775786887","98.04712392673365","0.18561983475087837","0.016968494281507242","0.24125796624603166","0.2931013420522253","961.3883667074499"
"2024-12-21 09:00:00","9711.434641581567","1568.8888888888664","2.6504381903341945","97.55448694329694","0.18687133003256431","0.016835710390508442","0.2427499908452167","0.29278246595556345","965.4763555607353"
"2024-12-22 09:00:00","9711.434641581567","1568.8888888888664","2.6543986820212444","97.08833748878789","0.18207296819419372","0.01623403382067009","0.2363853608363249","0.2926147409337626","966.8152531962323"
"2024-12-23 09:00:00","9711.434641581567","1568.8888888888664","2.6583799923239844","96.63597731689859","0.17998710769394555","0.015931388408713127","0.23354704752549715","0.29255962396293594","966.8152917662719"
"2024-12-24 09:00:00","9711.434641581567","1568.8888888888664","2.66238186677402","96.18547161208564","0.18133310982458017","0.01596637848841725","0.23516209036663277","0.292575465646877","966.8152917662719"
"2024-12-25 09:00:00","9711.434641581567","1568.8888888888664","2.666404054881764","95.80509474006966","0.18280344790356987","0.016036165774644458","0.2369360630147786","0.29264668051932846","966.8152917662719"
"2024-12-26 09:00:00","9711.434641581567","1568.8888888888664","2.670446310061224","95.55016967415756","0.18005242586318723","0.015754258856333598","0.23323930061678128","0.29275992729192973","966.8152917662719"
"2024-12-27 09:00:00","9711.434641581567","1568.8888888888664","2.6745083895564212","95.37956663484023","0.17745138786284897","0.015496206662519453","0.22974048295513405","0.29289198062211047","966.8152917662719"
"2024-12-28 09:00:00","9711.434641581567","1568.8888888888664","2.678590054369403","95.26543200905347","0.18350892676963412","0.016008371471969922","0.23744888214202087","0.2930649795765018","966.8152917662719"
"2024-12-29 09:00:00","9711.434641581567","1568.8888888888664","2.682691069189794","95.62071037780709","2.2382409532971086","0.1929809340291252","2.8945031489567685","0.2926135196979257","966.8152917662719"
"2024-12-30 09:00:00","9711.434641581567","1568.8888888888664","2.686811202325882","97.90721549185457","4.49248131914813","0.3563390589898551","5.806403242958729","0.28789397655966964","967.5966915194946"
"2024-12-31 09:00:00","9733.497822246074","1579.555555555533","2.69095022563717","101.59395408506299","11.200644572579819","1.0896673306088691","14.468288007678932","0.2913495395939206","973.0398476971311"
"2025-01-01 09:00:00","9821.098801657074","1590.2222222221994","2.695107914468389","105.12204494030183","11.573028588756097","1.1092078987877907","14.940801005968577","0.2877936098266573","978.4998476971285"
"2025-01-02 09:00:00","9925.58532930498","1600.888888888866","2.6992840475849254","106.02756017086975","10.337674949137542","0.9385621577838609","13.338346169732644","0.28441374061389985","983.9598476971258"
"2025-01-03 09:00:00","10031.33912834681","1622.222222222199","2.7034784071096265","106.03487426053243","12.191858413362558","1.6764215120118333","15.721747919018242","0.2973695963440865","989.4198476971234"
"2025-01-04 09:00:00","10137.103897385861","1632.8888888888655","2.7076907784609676","106.03551646539427","12.076002476514605","1.4102684810911734","15.563436063841532","0.29121020914868234","994.8798476971208"
"2025-01-05 09:00:00","10242.87221305388","1643.555555555532","2.7119209502925337","106.0357900316895","13.209201024226154","1.3013582892233575","17.014132216330555","0.2840296586145792","1000.3398476971182"
"2025-01-06 09:00:00","10348.645412234517","1664.888888888865","2.716168714433792","106.0367217253587","13.72427942531656","1.7202256640630171","17.667429707545708","0.291777855812977","1005.7998476971156"
"2025-01-07 09:00:00","10454.420670477793","1685.3333333332534","2.7204338658321263","106.03662671726349","13.619928628970527","2.151091334401267","17.523015372299394","0.2983579239603115","1011.2598476971132"
"2025-01-08 09:00:00","10560.197354458867","1700.4444444443643","2.7247162024961082","106.03712644944845","12.99451007139455","1.8152620009213034","16.708741908894226","0.2949946568346697","1016.7198476971106"
"2025-01-09 09:00:00","10665.976369599892","1711.1111111110308","2.7290155254399546","106.03764796915203","13.010254321657229","1.406863868687797","16.719339459298123","0.28523994908613026","1022.1798476971081"
"2025-01-10 09:00:00","10771.755949497117","1732.4444444443639","2.7333316386291773","106.03779477645963","14.510341646290232","1.9834698038349339","18.636318808118855","0.2937622978361214","1027.6398476971053"
"2025-01-11 09:00:00","10877.541907119901","1749.3333333331968","2.73766434892737","106.03838918404354","13.325045723425163","1.8652863419294483","17.10409329906826","0.2930294187390297","1033.0998476971029"
"2025-01-12 09:00:00","10983.329876703734","1766.2222222220855","2.742013466044117","106.03894732805374","11.402514142501532","1.5077413293187","14.627851153941826","0.29232535147645766","1038.5598476971004"
"2025-01-13 09:00:00","11089.121073888815","1788.4444444442518","2.7463788024839917","106.0393306018627","12.387113070739263","2.1550271192491106","15.88174809751158","0.3013141626474545","1044.0198476970977"
"2025-01-14 09:00:00","11194.915784081051","1799.9999999998072","2.750760173496635","106.03990538823153","11.642621357253656","1.5030528067137605","14.918563383435337","0.29147160936533584","1049.4798476970952"
"2025-01-15 09:00:00","11300.658891489114","1810.6666666664737","2.755157397027863","105.99036530989625","2.5362243641411597","0.30297569811047953","3.2479675775477173","0.292443716022449","1054.9398476970928"
"2025-01-16 09:00:00","11404.045283068654","1810.6666666664737","2.7595702936718043","105.15620711781986","0.24693997040356108","0.02346992683501462","0.3160552165133895","0.2867581290694179","1060.39984769709"
"2025-01-17 09:00:00","11499.562890282867","1821.3333333331402","2.763998686624023","103.8800820403947","0.20216056331170432","0.030751182214004656","0.2585921591447835","0.30432149244547896","1065.8598476970876"
"2025-01-18 09:00:00","11586.54986756032","1821.3333333331402","2.7684424016356246","102.68856205739833","0.19469947037997098","0.021822281341857847","0.24890339870210282","0.2994958084623851","1071.3198476970852"
"2025-01-19 09:00:00","11665.419409565318","1821.3333333331402","2.7729012669683","101.58104493712207","0.1962903925471968","0.01936743448257979","0.250791064663074","0.2961150370046191","1076.7798476970822"
"2025-01-20 09:00:00","11730.581896665542","1821.3333333331402","2.777375113350298","100.60085082671557","0.18786299139782184","0.01717023443150121","0.23988386515557775","0.2937531494995931","1082.2398476970798"
