2025-03-01 00:00:00,2025-03-01 00:00:00,0.0,18.43,0.07,99.54,2.43
2025-03-01 01:00:00,2025-03-01 01:00:00,0.0,18.06,0.06,100.0,2.22
2025-03-01 02:00:00,2025-03-01 02:00:00,0.0,17.77,0.06,100.0,2.16
2025-03-01 03:00:00,2025-03-01 03:00:00,0.0,17.52,0.06,100.0,2.17
2025-03-01 04:00:00,2025-03-01 04:00:00,0.0,17.32,0.06,100.0,2.25
2025-03-01 05:00:00,2025-03-01 05:00:00,0.0,17.17,0.06,100.0,2.35
2025-03-01 06:00:00,2025-03-01 06:00:00,0.02,17.99,0.06,99.3,2.67
2025-03-01 07:00:00,2025-03-01 07:00:00,0.18,20.56,0.05,89.2,4.11
2025-03-01 08:00:00,2025-03-01 08:00:00,0.53,23.29,0.04,79.92,4.96
2025-03-01 09:00:00,2025-03-01 09:00:00,0.84,25.59,0.04,72.86,4.74
2025-03-01 10:00:00,2025-03-01 10:00:00,1.14,27.67,0.03,66.97,4.45
2025-03-01 11:00:00,2025-03-01 11:00:00,1.09,29.44,0.04,61.69,4.25
2025-03-01 12:00:00,2025-03-01 12:00:00,1.1,30.69,0.06,57.92,4.45
2025-03-01 13:00:00,2025-03-01 13:00:00,0.88,31.22,0.08,56.66,5.21
2025-03-01 14:00:00,2025-03-01 14:00:00,0.77,30.96,0.1,58.1,6.38
2025-03-01 15:00:00,2025-03-01 15:00:00,0.49,29.74,0.11,62.55,7.74
2025-03-01 16:00:00,2025-03-01 16:00:00,0.24,27.4,0.13,70.08,8.52
2025-03-01 17:00:00,2025-03-01 17:00:00,0.03,24.41,0.11,80.59,7.9
2025-03-01 18:00:00,2025-03-01 18:00:00,0.0,22.32,0.11,88.59,6.48
2025-03-01 19:00:00,2025-03-01 19:00:00,0.0,21.31,1.35,92.7,5.5
2025-03-01 20:00:00,2025-03-01 20:00:00,0.0,20.83,1.18,94.64,4.88
2025-03-01 21:00:00,2025-03-01 21:00:00,0.0,20.56,0.91,95.4,4.45
2025-03-01 22:00:00,2025-03-01 22:00:00,0.0,20.32,0.79,95.89,4.22
2025-03-01 23:00:00,2025-03-01 23:00:00,0.0,19.91,0.72,97.31,3.54
2025-03-02 00:00:00,2025-03-02 00:00:00,0.0,19.54,0.71,98.33,3.04
2025-03-02 01:00:00,2025-03-02 01:00:00,0.0,19.11,0.77,99.72,2.6
2025-03-02 02:00:00,2025-03-02 02:00:00,0.0,18.67,0.79,100.0,2.32
2025-03-02 03:00:00,2025-03-02 03:00:00,0.0,18.28,0.92,100.0,2.21
2025-03-02 04:00:00,2025-03-02 04:00:00,0.0,17.98,0.78,100.0,2.23
2025-03-02 05:00:00,2025-03-02 05:00:00,0.0,17.77,0.55,100.0,2.25
2025-03-02 06:00:00,2025-03-02 06:00:00,0.03,18.61,0.49,98.88,2.41
2025-03-02 07:00:00,2025-03-02 07:00:00,0.21,21.0,0.36,90.59,3.21
2025-03-02 08:00:00,2025-03-02 08:00:00,0.54,23.79,0.42,81.92,3.51
2025-03-02 09:00:00,2025-03-02 09:00:00,0.85,26.46,0.41,73.45,3.15
2025-03-02 10:00:00,2025-03-02 10:00:00,1.16,28.89,0.38,65.51,2.8
2025-03-02 11:00:00,2025-03-02 11:00:00,1.32,31.05,0.41,57.32,2.45
2025-03-02 12:00:00,2025-03-02 12:00:00,1.24,32.36,0.46,52.76,2.26
2025-03-02 13:00:00,2025-03-02 13:00:00,1.07,32.84,0.44,51.22,2.7
2025-03-02 14:00:00,2025-03-02 14:00:00,0.93,32.63,0.52,52.47,3.76
2025-03-02 15:00:00,2025-03-02 15:00:00,0.58,31.61,0.7,56.81,5.0
2025-03-02 16:00:00,2025-03-02 16:00:00,0.29,29.45,0.8,67.03,5.89
2025-03-02 17:00:00,2025-03-02 17:00:00,0.05,26.46,0.68,80.75,5.52
2025-03-02 18:00:00,2025-03-02 18:00:00,0.0,24.25,0.78,89.11,5.24
2025-03-02 19:00:00,2025-03-02 19:00:00,0.0,22.94,0.65,93.71,4.54
2025-03-02 20:00:00,2025-03-02 20:00:00,0.0,22.17,0.7,95.67,3.65
2025-03-02 21:00:00,2025-03-02 21:00:00,0.0,21.69,0.56,96.48,2.83
2025-03-02 22:00:00,2025-03-02 22:00:00,0.0,21.28,0.38,97.12,2.41
2025-03-02 23:00:00,2025-03-02 23:00:00,0.0,20.9,0.28,97.59,2.21
2025-03-03 00:00:00,2025-03-03 00:00:00,0.0,20.5,0.23,98.48,2.02
2025-03-03 01:00:00,2025-03-03 01:00:00,0.0,20.14,0.23,99.25,1.85
2025-03-03 02:00:00,2025-03-03 02:00:00,0.0,19.85,0.21,99.59,1.64
2025-03-03 03:00:00,2025-03-03 03:00:00,0.0,19.68,0.23,99.39,1.45
2025-03-03 04:00:00,2025-03-03 04:00:00,0.0,19.46,0.22,99.54,1.38
2025-03-03 05:00:00,2025-03-03 05:00:00,0.0,19.3,0.24,99.48,1.29
2025-03-03 06:00:00,2025-03-03 06:00:00,0.03,19.87,0.25,96.73,1.13
2025-03-03 07:00:00,2025-03-03 07:00:00,0.27,21.84,0.24,90.18,1.03
2025-03-03 08:00:00,2025-03-03 08:00:00,0.65,24.25,0.33,82.34,0.44
2025-03-03 09:00:00,2025-03-03 09:00:00,1.11,26.49,0.3,74.37,0.13
2025-03-03 10:00:00,2025-03-03 10:00:00,1.36,28.54,0.16,66.46,0.48
2025-03-03 11:00:00,2025-03-03 11:00:00,1.55,30.49,0.11,57.72,0.61
2025-03-03 12:00:00,2025-03-03 12:00:00,1.57,31.82,0.13,52.13,0.59
2025-03-03 13:00:00,2025-03-03 13:00:00,1.49,32.6,0.09,48.71,0.83
2025-03-03 14:00:00,2025-03-03 14:00:00,1.32,32.81,0.09,47.7,1.41
2025-03-03 15:00:00,2025-03-03 15:00:00,0.92,32.28,0.08,49.7,2.33
2025-03-03 16:00:00,2025-03-03 16:00:00,0.45,30.63,0.11,59.28,3.0
2025-03-03 17:00:00,2025-03-03 17:00:00,0.09,27.34,0.18,76.63,2.98
2025-03-03 18:00:00,2025-03-03 18:00:00,0.0,25.32,0.25,83.59,3.28
2025-03-03 19:00:00,2025-03-03 19:00:00,0.0,24.41,0.15,88.36,3.4
2025-03-03 20:00:00,2025-03-03 20:00:00,0.0,23.46,0.21,93.37,3.24
2025-03-03 21:00:00,2025-03-03 21:00:00,0.0,22.75,0.29,96.34,2.99
2025-03-03 22:00:00,2025-03-03 22:00:00,0.0,22.19,0.12,98.28,2.63
2025-03-03 23:00:00,2025-03-03 23:00:00,0.0,21.74,0.06,99.49,2.35
2025-03-04 00:00:00,2025-03-04 00:00:00,0.0,21.33,0.05,99.99,2.17
2025-03-04 01:00:00,2025-03-04 01:00:00,0.0,20.88,0.05,100.0,1.98
2025-03-04 02:00:00,2025-03-04 02:00:00,0.0,20.57,0.05,100.0,1.71
2025-03-04 03:00:00,2025-03-04 03:00:00,0.0,20.49,0.05,99.27,1.4
2025-03-04 04:00:00,2025-03-04 04:00:00,0.0,20.31,0.07,98.83,1.26
2025-03-04 05:00:00,2025-03-04 05:00:00,0.0,19.84,0.08,100.0,1.4
2025-03-04 06:00:00,2025-03-04 06:00:00,0.05,20.26,0.08,97.74,1.69
2025-03-04 07:00:00,2025-03-04 07:00:00,0.39,22.3,0.07,89.42,2.08
2025-03-04 08:00:00,2025-03-04 08:00:00,0.87,24.47,0.07,80.4,1.79
2025-03-04 09:00:00,2025-03-04 09:00:00,1.32,26.49,0.09,72.27,1.63
2025-03-04 10:00:00,2025-03-04 10:00:00,2.0,28.19,0.07,65.76,1.59
2025-03-04 11:00:00,2025-03-04 11:00:00,2.13,29.56,0.04,60.61,1.65
2025-03-04 12:00:00,2025-03-04 12:00:00,2.4,30.66,0.03,56.22,1.99
2025-03-04 13:00:00,2025-03-04 13:00:00,2.17,31.25,0.03,53.73,2.58
2025-03-04 14:00:00,2025-03-04 14:00:00,2.04,31.28,0.02,53.6,3.4
2025-03-04 15:00:00,2025-03-04 15:00:00,1.16,30.57,0.03,56.81,4.38
2025-03-04 16:00:00,2025-03-04 16:00:00,0.58,28.92,0.01,66.16,4.87
2025-03-04 17:00:00,2025-03-04 17:00:00,0.13,26.45,0.0,79.41,4.65
2025-03-04 18:00:00,2025-03-04 18:00:00,0.0,24.81,0.01,86.84,5.13
2025-03-04 19:00:00,2025-03-04 19:00:00,0.0,23.79,0.02,91.71,5.02
2025-03-04 20:00:00,2025-03-04 20:00:00,0.0,22.97,0.04,95.1,4.41
2025-03-04 21:00:00,2025-03-04 21:00:00,0.0,22.36,0.09,96.7,3.62
2025-03-04 22:00:00,2025-03-04 22:00:00,0.0,21.87,0.09,97.63,2.86
2025-03-04 23:00:00,2025-03-04 23:00:00,0.0,21.49,0.09,98.09,2.59
2025-03-05 00:00:00,2025-03-05 00:00:00,0.0,21.16,0.11,98.08,2.66
2025-03-05 01:00:00,2025-03-05 01:00:00,0.0,20.79,0.13,98.2,2.68
2025-03-05 02:00:00,2025-03-05 02:00:00,0.0,20.46,0.17,98.25,2.65
2025-03-05 03:00:00,2025-03-05 03:00:00,0.0,20.18,0.24,98.11,2.83
2025-03-05 04:00:00,2025-03-05 04:00:00,0.0,19.87,0.28,97.69,3.25
2025-03-05 05:00:00,2025-03-05 05:00:00,0.0,19.42,0.3,96.82,3.73
2025-03-05 06:00:00,2025-03-05 06:00:00,0.05,19.04,0.31,94.01,4.55
2025-03-05 07:00:00,2025-03-05 07:00:00,0.35,19.51,0.3,84.97,5.18
2025-03-05 08:00:00,2025-03-05 08:00:00,0.75,20.43,0.29,75.98,5.17
2025-03-05 09:00:00,2025-03-05 09:00:00,1.26,21.64,0.22,70.14,4.71
2025-03-05 10:00:00,2025-03-05 10:00:00,1.52,23.05,0.17,65.66,4.01
2025-03-05 11:00:00,2025-03-05 11:00:00,1.48,24.59,0.14,62.36,3.25
2025-03-05 12:00:00,2025-03-05 12:00:00,1.66,25.91,0.11,60.61,2.75
2025-03-05 13:00:00,2025-03-05 13:00:00,1.62,26.93,0.1,59.89,2.78
2025-03-05 14:00:00,2025-03-05 14:00:00,1.12,27.49,0.09,59.78,3.38
2025-03-05 15:00:00,2025-03-05 15:00:00,0.72,27.33,0.06,61.3,4.09
2025-03-05 16:00:00,2025-03-05 16:00:00,0.34,26.28,0.04,66.78,4.29
2025-03-05 17:00:00,2025-03-05 17:00:00,0.07,23.89,0.04,81.09,3.07
2025-03-05 18:00:00,2025-03-05 18:00:00,0.0,22.1,0.17,87.49,2.97
2025-03-05 19:00:00,2025-03-05 19:00:00,0.0,21.14,0.41,89.56,2.83
2025-03-05 20:00:00,2025-03-05 20:00:00,0.0,20.44,0.59,90.72,2.7
2025-03-05 21:00:00,2025-03-05 21:00:00,0.0,19.87,1.08,91.62,2.56
2025-03-05 22:00:00,2025-03-05 22:00:00,0.0,19.62,1.24,91.51,2.76
2025-03-05 23:00:00,2025-03-05 23:00:00,0.0,19.44,1.45,90.19,3.93
2025-03-06 00:00:00,2025-03-06 00:00:00,0.0,18.78,1.64,87.29,5.62
2025-03-06 01:00:00,2025-03-06 01:00:00,0.0,17.37,1.72,84.03,6.34
2025-03-06 02:00:00,2025-03-06 02:00:00,0.0,15.71,1.64,81.03,6.26
2025-03-06 03:00:00,2025-03-06 03:00:00,0.0,14.45,1.84,79.5,6.25
2025-03-06 04:00:00,2025-03-06 04:00:00,0.0,13.47,1.73,77.47,6.61
2025-03-06 05:00:00,2025-03-06 05:00:00,0.0,12.58,1.28,75.93,6.83
2025-03-06 06:00:00,2025-03-06 06:00:00,0.03,11.9,0.85,74.9,6.68
2025-03-06 07:00:00,2025-03-06 07:00:00,0.21,11.9,0.5,73.17,6.73
2025-03-06 08:00:00,2025-03-06 08:00:00,0.43,12.41,0.54,70.61,6.9
2025-03-06 09:00:00,2025-03-06 09:00:00,0.61,13.29,1.05,67.22,7.17
2025-03-06 10:00:00,2025-03-06 10:00:00,0.68,14.68,1.85,61.77,7.39
2025-03-06 11:00:00,2025-03-06 11:00:00,0.78,16.54,2.88,55.89,7.22
2025-03-06 12:00:00,2025-03-06 12:00:00,0.94,17.54,3.24,53.52,6.52
2025-03-06 13:00:00,2025-03-06 13:00:00,0.87,18.13,2.33,52.97,5.51
2025-03-06 14:00:00,2025-03-06 14:00:00,0.65,18.43,1.13,53.38,4.61
2025-03-06 15:00:00,2025-03-06 15:00:00,0.46,18.51,0.41,54.22,4.24
2025-03-06 16:00:00,2025-03-06 16:00:00,0.22,18.12,0.11,57.1,4.0
2025-03-06 17:00:00,2025-03-06 17:00:00,0.04,16.57,0.02,70.84,2.72
2025-03-06 18:00:00,2025-03-06 18:00:00,0.0,15.52,0.09,76.64,2.92
2025-03-06 19:00:00,2025-03-06 19:00:00,0.0,14.98,0.08,76.88,3.39
2025-03-06 20:00:00,2025-03-06 20:00:00,0.0,14.35,0.21,76.13,3.91
2025-03-06 21:00:00,2025-03-06 21:00:00,0.0,13.63,0.11,76.64,3.97
2025-03-06 22:00:00,2025-03-06 22:00:00,0.0,13.04,0.02,77.75,3.83
2025-03-06 23:00:00,2025-03-06 23:00:00,0.0,12.69,0.01,78.76,3.77
2025-03-07 00:00:00,2025-03-07 00:00:00,0.0,12.42,0.0,79.46,3.97
2025-03-07 01:00:00,2025-03-07 01:00:00,0.0,12.14,0.04,80.67,4.15
2025-03-07 02:00:00,2025-03-07 02:00:00,0.0,11.8,0.2,82.94,4.07
2025-03-07 03:00:00,2025-03-07 03:00:00,0.0,11.56,0.47,84.13,4.15
2025-03-07 04:00:00,2025-03-07 04:00:00,0.0,11.34,0.38,84.42,3.95
2025-03-07 05:00:00,2025-03-07 05:00:00,0.0,11.12,0.26,84.12,3.69
2025-03-07 06:00:00,2025-03-07 06:00:00,0.03,11.16,0.22,81.28,3.77
2025-03-07 07:00:00,2025-03-07 07:00:00,0.21,11.97,0.24,71.08,4.97
2025-03-07 08:00:00,2025-03-07 08:00:00,0.48,13.19,0.25,62.65,5.5
2025-03-07 09:00:00,2025-03-07 09:00:00,0.75,14.99,0.25,56.2,5.18
2025-03-07 10:00:00,2025-03-07 10:00:00,1.19,16.5,0.19,52.97,4.75
2025-03-07 11:00:00,2025-03-07 11:00:00,1.63,17.76,0.15,51.48,4.27
2025-03-07 12:00:00,2025-03-07 12:00:00,1.65,18.74,0.1,50.96,3.88
2025-03-07 13:00:00,2025-03-07 13:00:00,1.57,19.3,0.07,51.22,3.64
2025-03-07 14:00:00,2025-03-07 14:00:00,1.07,19.38,0.05,52.34,3.49
2025-03-07 15:00:00,2025-03-07 15:00:00,0.67,18.99,0.03,54.62,3.4
2025-03-07 16:00:00,2025-03-07 16:00:00,0.32,18.17,0.02,58.95,3.13
2025-03-07 17:00:00,2025-03-07 17:00:00,0.06,16.6,0.01,73.36,2.17
2025-03-07 18:00:00,2025-03-07 18:00:00,0.0,15.39,0.01,81.89,2.12
2025-03-07 19:00:00,2025-03-07 19:00:00,0.0,14.91,0.03,82.84,2.24
2025-03-07 20:00:00,2025-03-07 20:00:00,0.0,14.63,0.07,83.35,2.32
2025-03-07 21:00:00,2025-03-07 21:00:00,0.0,14.36,0.14,84.95,2.16
2025-03-07 22:00:00,2025-03-07 22:00:00,0.0,14.09,0.23,86.95,1.98
2025-03-07 23:00:00,2025-03-07 23:00:00,0.0,13.85,0.25,88.9,1.7
2025-03-08 00:00:00,2025-03-08 00:00:00,0.0,13.67,0.18,90.42,1.4
2025-03-08 01:00:00,2025-03-08 01:00:00,0.0,13.53,0.1,91.72,1.06
2025-03-08 02:00:00,2025-03-08 02:00:00,0.0,13.44,0.14,92.84,0.61
2025-03-08 03:00:00,2025-03-08 03:00:00,0.0,13.4,0.25,92.95,1.01
2025-03-08 04:00:00,2025-03-08 04:00:00,0.0,13.27,0.27,93.95,1.65
2025-03-08 05:00:00,2025-03-08 05:00:00,0.0,13.06,0.2,94.97,1.94
2025-03-08 06:00:00,2025-03-08 06:00:00,0.03,13.13,0.15,93.21,2.52
2025-03-08 07:00:00,2025-03-08 07:00:00,0.2,13.73,0.14,85.01,3.54
2025-03-08 08:00:00,2025-03-08 08:00:00,0.45,14.82,0.13,77.57,3.46
2025-03-08 09:00:00,2025-03-08 09:00:00,0.79,16.19,0.21,72.54,2.89
2025-03-08 10:00:00,2025-03-08 10:00:00,1.22,17.3,0.32,69.86,2.46
2025-03-08 11:00:00,2025-03-08 11:00:00,1.28,18.41,0.34,67.43,2.22
2025-03-08 12:00:00,2025-03-08 12:00:00,0.96,19.26,0.26,65.94,2.01
2025-03-08 13:00:00,2025-03-08 13:00:00,1.11,19.62,0.19,65.66,1.78
2025-03-08 14:00:00,2025-03-08 14:00:00,1.05,19.88,0.2,65.71,1.68
2025-03-08 15:00:00,2025-03-08 15:00:00,0.78,20.01,0.27,65.97,1.88
2025-03-08 16:00:00,2025-03-08 16:00:00,0.35,19.55,0.21,68.51,2.22
2025-03-08 17:00:00,2025-03-08 17:00:00,0.06,18.03,0.08,81.17,1.87
2025-03-08 18:00:00,2025-03-08 18:00:00,0.0,16.36,0.02,89.67,2.05
2025-03-08 19:00:00,2025-03-08 19:00:00,0.0,15.68,0.04,91.22,2.25
2025-03-08 20:00:00,2025-03-08 20:00:00,0.0,15.1,0.03,93.27,2.27
2025-03-08 21:00:00,2025-03-08 21:00:00,0.0,14.63,0.03,95.05,2.25
2025-03-08 22:00:00,2025-03-08 22:00:00,0.0,14.32,0.07,96.21,2.27
2025-03-08 23:00:00,2025-03-08 23:00:00,0.0,14.12,0.1,96.77,2.16
2025-03-09 00:00:00,2025-03-09 00:00:00,0.0,13.91,0.12,97.47,1.98
2025-03-09 01:00:00,2025-03-09 01:00:00,0.0,13.72,0.13,97.91,1.77
2025-03-09 02:00:00,2025-03-09 02:00:00,0.0,13.56,0.13,98.27,1.58
2025-03-09 03:00:00,2025-03-09 03:00:00,0.0,13.45,0.11,98.31,1.43
2025-03-09 04:00:00,2025-03-09 04:00:00,0.0,13.31,0.13,98.61,1.3
2025-03-09 05:00:00,2025-03-09 05:00:00,0.0,13.2,0.2,98.52,1.21
2025-03-09 06:00:00,2025-03-09 06:00:00,0.03,13.77,0.25,95.62,1.42
2025-03-09 07:00:00,2025-03-09 07:00:00,0.17,15.48,0.3,87.87,1.78
2025-03-09 08:00:00,2025-03-09 08:00:00,0.31,17.4,0.46,80.64,1.93
2025-03-09 09:00:00,2025-03-09 09:00:00,0.6,19.07,0.52,75.6,2.08
2025-03-09 10:00:00,2025-03-09 10:00:00,0.77,20.69,0.54,71.38,2.39
2025-03-09 11:00:00,2025-03-09 11:00:00,0.95,22.09,0.58,68.34,2.7
2025-03-09 12:00:00,2025-03-09 12:00:00,1.23,23.16,0.64,66.39,3.02
2025-03-09 13:00:00,2025-03-09 13:00:00,1.08,23.89,0.66,65.4,3.37
2025-03-09 14:00:00,2025-03-09 14:00:00,0.93,24.07,0.6,65.76,3.77
2025-03-09 15:00:00,2025-03-09 15:00:00,0.61,23.74,0.38,67.87,4.15
2025-03-09 16:00:00,2025-03-09 16:00:00,0.32,22.86,0.11,72.22,4.33
2025-03-09 17:00:00,2025-03-09 17:00:00,0.07,21.12,0.04,82.57,3.34
2025-03-09 18:00:00,2025-03-09 18:00:00,0.0,19.58,0.06,90.4,2.99
2025-03-09 19:00:00,2025-03-09 19:00:00,0.0,18.9,0.25,92.87,3.04
2025-03-09 20:00:00,2025-03-09 20:00:00,0.0,18.28,0.4,95.2,2.8
2025-03-09 21:00:00,2025-03-09 21:00:00,0.0,17.73,0.54,96.71,2.33
2025-03-09 22:00:00,2025-03-09 22:00:00,0.0,17.33,0.7,97.49,2.05
2025-03-09 23:00:00,2025-03-09 23:00:00,0.0,17.04,0.81,97.79,1.9
2025-03-10 00:00:00,2025-03-10 00:00:00,0.0,16.78,0.86,98.1,1.75
2025-03-10 01:00:00,2025-03-10 01:00:00,0.0,16.57,0.95,98.35,1.6
2025-03-10 02:00:00,2025-03-10 02:00:00,0.0,16.36,0.99,98.6,1.48
2025-03-10 03:00:00,2025-03-10 03:00:00,0.0,16.09,0.95,98.88,1.48
2025-03-10 04:00:00,2025-03-10 04:00:00,0.0,15.89,0.76,99.11,1.42
2025-03-10 05:00:00,2025-03-10 05:00:00,0.0,15.77,0.57,98.94,1.32
2025-03-10 06:00:00,2025-03-10 06:00:00,0.04,16.38,0.49,96.26,1.44
2025-03-10 07:00:00,2025-03-10 07:00:00,0.23,17.9,0.54,89.51,1.95
2025-03-10 08:00:00,2025-03-10 08:00:00,0.54,19.8,0.79,82.3,2.09
2025-03-10 09:00:00,2025-03-10 09:00:00,0.58,21.63,0.7,76.24,1.96
2025-03-10 10:00:00,2025-03-10 10:00:00,0.75,23.6,0.55,70.2,2.22
2025-03-10 11:00:00,2025-03-10 11:00:00,0.86,25.39,0.43,65.12,2.63
2025-03-10 12:00:00,2025-03-10 12:00:00,0.78,26.62,0.26,61.78,2.95
2025-03-10 13:00:00,2025-03-10 13:00:00,1.04,27.29,0.14,60.22,3.17
2025-03-10 14:00:00,2025-03-10 14:00:00,0.84,27.44,0.09,60.14,3.45
2025-03-10 15:00:00,2025-03-10 15:00:00,0.57,27.1,0.05,61.56,3.88
2025-03-10 16:00:00,2025-03-10 16:00:00,0.27,25.94,0.03,66.19,4.19
2025-03-10 17:00:00,2025-03-10 17:00:00,0.04,23.57,0.01,78.67,3.57
2025-03-10 18:00:00,2025-03-10 18:00:00,0.0,21.46,0.04,87.62,3.99
2025-03-10 19:00:00,2025-03-10 19:00:00,0.0,20.39,0.0,92.0,4.65
2025-03-10 20:00:00,2025-03-10 20:00:00,0.0,19.52,0.01,95.3,4.34
2025-03-10 21:00:00,2025-03-10 21:00:00,0.0,19.01,0.02,95.97,3.54
2025-03-10 22:00:00,2025-03-10 22:00:00,0.0,18.61,0.02,96.18,2.93
2025-03-10 23:00:00,2025-03-10 23:00:00,0.0,18.21,0.01,96.91,2.48
2025-03-11 00:00:00,2025-03-11 00:00:00,0.0,17.84,0.01,97.65,2.13
2025-03-11 01:00:00,2025-03-11 01:00:00,0.0,17.48,0.01,98.54,1.93
2025-03-11 02:00:00,2025-03-11 02:00:00,0.0,17.14,0.01,99.55,1.83
2025-03-11 03:00:00,2025-03-11 03:00:00,0.0,16.86,0.01,100.0,1.81
2025-03-11 04:00:00,2025-03-11 04:00:00,0.0,16.68,0.01,100.0,1.78
2025-03-11 05:00:00,2025-03-11 05:00:00,0.0,16.57,0.01,100.0,1.79
2025-03-11 06:00:00,2025-03-11 06:00:00,0.03,17.56,0.01,96.59,2.16
2025-03-11 07:00:00,2025-03-11 07:00:00,0.24,19.9,0.0,86.79,3.06
2025-03-11 08:00:00,2025-03-11 08:00:00,0.63,22.41,0.01,78.01,3.83
2025-03-11 09:00:00,2025-03-11 09:00:00,0.72,24.62,0.01,71.66,4.47
2025-03-11 10:00:00,2025-03-11 10:00:00,1.01,26.41,0.01,67.71,4.45
2025-03-11 11:00:00,2025-03-11 11:00:00,1.27,27.46,0.01,66.0,3.95
2025-03-11 12:00:00,2025-03-11 12:00:00,1.41,28.46,0.01,64.2,3.63
2025-03-11 13:00:00,2025-03-11 13:00:00,1.33,29.06,0.01,63.24,3.81
2025-03-11 14:00:00,2025-03-11 14:00:00,0.98,28.97,0.01,64.02,4.44
2025-03-11 15:00:00,2025-03-11 15:00:00,0.62,28.01,0.01,67.7,5.44
2025-03-11 16:00:00,2025-03-11 16:00:00,0.41,26.51,0.0,73.16,6.42
2025-03-11 17:00:00,2025-03-11 17:00:00,0.08,24.36,0.0,81.38,6.21
2025-03-11 18:00:00,2025-03-11 18:00:00,0.0,22.5,0.0,88.81,5.57
2025-03-11 19:00:00,2025-03-11 19:00:00,0.0,21.38,0.33,92.74,5.19
2025-03-11 20:00:00,2025-03-11 20:00:00,0.0,20.66,0.58,95.13,4.59
2025-03-11 21:00:00,2025-03-11 21:00:00,0.0,20.24,0.57,96.05,3.89
2025-03-11 22:00:00,2025-03-11 22:00:00,0.0,19.99,0.58,96.3,3.48
2025-03-11 23:00:00,2025-03-11 23:00:00,0.0,19.77,0.64,96.48,3.25
2025-03-12 00:00:00,2025-03-12 00:00:00,0.0,19.56,0.73,96.7,3.0
2025-03-12 01:00:00,2025-03-12 01:00:00,0.0,19.33,0.81,96.97,2.68
2025-03-12 02:00:00,2025-03-12 02:00:00,0.0,19.16,0.87,97.23,2.42
2025-03-12 03:00:00,2025-03-12 03:00:00,0.0,19.05,0.86,97.66,2.24
2025-03-12 04:00:00,2025-03-12 04:00:00,0.0,18.99,0.82,98.34,2.0
2025-03-12 05:00:00,2025-03-12 05:00:00,0.0,18.95,0.81,99.01,1.87
2025-03-12 06:00:00,2025-03-12 06:00:00,0.04,19.81,0.78,96.17,2.23
2025-03-12 07:00:00,2025-03-12 07:00:00,0.28,21.76,0.74,90.27,3.27
2025-03-12 08:00:00,2025-03-12 08:00:00,0.65,24.15,0.98,82.51,4.44
2025-03-12 09:00:00,2025-03-12 09:00:00,0.95,26.24,1.97,74.89,4.5
2025-03-12 10:00:00,2025-03-12 10:00:00,1.2,27.89,2.2,69.58,4.1
2025-03-12 11:00:00,2025-03-12 11:00:00,1.25,29.2,2.34,65.82,3.85
2025-03-12 12:00:00,2025-03-12 12:00:00,1.22,29.97,2.21,63.72,4.09
2025-03-12 13:00:00,2025-03-12 13:00:00,1.14,30.21,2.04,63.2,4.76
2025-03-12 14:00:00,2025-03-12 14:00:00,0.88,29.86,1.61,64.38,5.54
2025-03-12 15:00:00,2025-03-12 15:00:00,0.67,28.95,1.1,67.54,6.19
2025-03-12 16:00:00,2025-03-12 16:00:00,0.34,27.37,1.12,73.42,6.49
2025-03-12 17:00:00,2025-03-12 17:00:00,0.08,25.28,0.81,82.58,5.75
2025-03-12 18:00:00,2025-03-12 18:00:00,0.0,23.53,0.65,90.49,5.27
2025-03-12 19:00:00,2025-03-12 19:00:00,0.0,22.59,1.92,94.44,5.0
2025-03-12 20:00:00,2025-03-12 20:00:00,0.0,22.17,2.13,95.31,4.54
2025-03-12 21:00:00,2025-03-12 21:00:00,0.0,21.99,1.86,95.39,4.34
2025-03-12 22:00:00,2025-03-12 22:00:00,0.0,21.86,1.58,95.43,4.22
2025-03-12 23:00:00,2025-03-12 23:00:00,0.0,21.74,1.54,95.74,3.93
2025-03-13 00:00:00,2025-03-13 00:00:00,0.0,21.55,1.71,96.21,3.55
2025-03-13 01:00:00,2025-03-13 01:00:00,0.0,21.31,1.81,96.79,3.18
2025-03-13 02:00:00,2025-03-13 02:00:00,0.0,21.08,2.53,97.08,2.99
2025-03-13 03:00:00,2025-03-13 03:00:00,0.0,20.87,3.2,97.18,2.96
2025-03-13 04:00:00,2025-03-13 04:00:00,0.0,20.68,3.41,97.19,2.89
2025-03-13 05:00:00,2025-03-13 05:00:00,0.0,20.52,3.1,97.22,2.86
2025-03-13 06:00:00,2025-03-13 06:00:00,0.03,20.86,3.01,95.4,3.45
2025-03-13 07:00:00,2025-03-13 07:00:00,0.17,22.25,2.75,91.04,4.16
2025-03-13 08:00:00,2025-03-13 08:00:00,0.47,24.57,4.3,83.54,5.25
2025-03-13 09:00:00,2025-03-13 09:00:00,0.69,26.7,5.46,76.01,5.42
2025-03-13 10:00:00,2025-03-13 10:00:00,0.97,28.15,6.31,71.92,5.21
2025-03-13 11:00:00,2025-03-13 11:00:00,1.01,29.16,7.08,69.4,4.93
2025-03-13 12:00:00,2025-03-13 12:00:00,1.1,29.83,7.81,67.59,4.78
2025-03-13 13:00:00,2025-03-13 13:00:00,0.78,30.12,8.26,66.68,4.96
2025-03-13 14:00:00,2025-03-13 14:00:00,0.67,29.8,5.99,67.73,5.47
2025-03-13 15:00:00,2025-03-13 15:00:00,0.54,28.74,5.21,71.97,6.14
2025-03-13 16:00:00,2025-03-13 16:00:00,0.27,27.41,3.64,77.34,6.54
2025-03-13 17:00:00,2025-03-13 17:00:00,0.06,25.64,2.98,84.85,5.82
2025-03-13 18:00:00,2025-03-13 18:00:00,0.0,24.08,2.15,91.69,5.15
2025-03-13 19:00:00,2025-03-13 19:00:00,0.0,23.23,0.67,94.66,4.89
2025-03-13 20:00:00,2025-03-13 20:00:00,0.0,22.75,0.61,95.48,4.5
2025-03-13 21:00:00,2025-03-13 21:00:00,0.0,22.43,0.52,95.71,4.26
2025-03-13 22:00:00,2025-03-13 22:00:00,0.0,22.16,0.53,95.99,3.97
2025-03-13 23:00:00,2025-03-13 23:00:00,0.0,21.84,0.52,96.66,3.54
2025-03-14 00:00:00,2025-03-14 00:00:00,0.0,21.56,0.57,97.12,3.32
2025-03-14 01:00:00,2025-03-14 01:00:00,0.0,21.31,0.56,97.58,3.25
2025-03-14 02:00:00,2025-03-14 02:00:00,0.0,21.05,0.63,98.17,3.16
2025-03-14 03:00:00,2025-03-14 03:00:00,0.0,20.79,0.66,98.77,3.09
2025-03-14 04:00:00,2025-03-14 04:00:00,0.0,20.57,0.66,99.16,3.08
2025-03-14 05:00:00,2025-03-14 05:00:00,0.0,20.38,0.67,99.4,3.01
2025-03-14 06:00:00,2025-03-14 06:00:00,0.04,21.08,0.6,96.25,3.54
2025-03-14 07:00:00,2025-03-14 07:00:00,0.25,23.05,0.5,89.87,4.49
2025-03-14 08:00:00,2025-03-14 08:00:00,0.51,25.65,0.76,81.0,5.15
2025-03-14 09:00:00,2025-03-14 09:00:00,0.81,27.95,0.92,72.68,4.48
2025-03-14 10:00:00,2025-03-14 10:00:00,1.06,29.69,0.76,66.52,3.57
2025-03-14 11:00:00,2025-03-14 11:00:00,1.31,31.23,0.74,60.75,2.73
2025-03-14 12:00:00,2025-03-14 12:00:00,1.61,32.13,0.7,57.29,2.29
2025-03-14 13:00:00,2025-03-14 13:00:00,1.35,32.5,0.64,55.65,2.47
2025-03-14 14:00:00,2025-03-14 14:00:00,1.13,32.35,0.6,56.0,3.1
2025-03-14 15:00:00,2025-03-14 15:00:00,0.72,31.73,0.56,58.38,3.96
2025-03-14 16:00:00,2025-03-14 16:00:00,0.33,30.38,0.46,64.89,4.6
2025-03-14 17:00:00,2025-03-14 17:00:00,0.06,27.89,0.37,77.73,4.17
2025-03-14 18:00:00,2025-03-14 18:00:00,0.0,26.0,0.3,85.27,4.43
2025-03-14 19:00:00,2025-03-14 19:00:00,0.0,24.93,0.02,90.0,4.43
2025-03-14 20:00:00,2025-03-14 20:00:00,0.0,24.01,0.02,94.13,3.86
2025-03-14 21:00:00,2025-03-14 21:00:00,0.0,23.36,0.03,96.35,3.08
2025-03-14 22:00:00,2025-03-14 22:00:00,0.0,22.87,0.02,97.33,2.43
2025-03-14 23:00:00,2025-03-14 23:00:00,0.0,22.52,0.02,97.78,2.11
2025-03-15 00:00:00,2025-03-15 00:00:00,0.0,22.18,0.02,98.44,1.93
2025-03-15 01:00:00,2025-03-15 01:00:00,0.0,21.89,0.02,98.91,1.82
2025-03-15 02:00:00,2025-03-15 02:00:00,0.0,21.83,0.02,98.47,1.75
2025-03-15 03:00:00,2025-03-15 03:00:00,0.0,21.74,0.02,98.34,1.75
2025-03-15 04:00:00,2025-03-15 04:00:00,0.0,21.45,0.02,99.08,1.82
2025-03-15 05:00:00,2025-03-15 05:00:00,0.0,21.15,0.02,100.0,1.9
2025-03-15 06:00:00,2025-03-15 06:00:00,0.04,21.96,0.04,96.34,2.3
2025-03-15 07:00:00,2025-03-15 07:00:00,0.26,23.76,0.07,89.21,2.8
2025-03-15 08:00:00,2025-03-15 08:00:00,0.57,25.79,0.14,81.7,2.76
2025-03-15 09:00:00,2025-03-15 09:00:00,0.93,27.48,0.19,75.4,2.59
2025-03-15 10:00:00,2025-03-15 10:00:00,1.21,28.82,0.18,70.56,2.45
2025-03-15 11:00:00,2025-03-15 11:00:00,1.12,30.08,0.16,66.27,2.5
2025-03-15 12:00:00,2025-03-15 12:00:00,1.06,30.92,0.13,62.99,2.78
2025-03-15 13:00:00,2025-03-15 13:00:00,1.57,31.28,0.11,60.82,3.34
2025-03-15 14:00:00,2025-03-15 14:00:00,1.04,31.0,0.1,60.52,4.26
2025-03-15 15:00:00,2025-03-15 15:00:00,0.74,29.88,0.09,63.29,5.38
2025-03-15 16:00:00,2025-03-15 16:00:00,0.36,28.19,0.05,68.37,5.98
2025-03-15 17:00:00,2025-03-15 17:00:00,0.09,26.11,0.05,76.19,5.17
2025-03-15 18:00:00,2025-03-15 18:00:00,0.0,24.51,0.08,80.3,5.24
2025-03-15 19:00:00,2025-03-15 19:00:00,0.0,23.47,6.12,80.08,5.84
2025-03-15 20:00:00,2025-03-15 20:00:00,0.0,22.24,7.86,77.3,6.49
2025-03-15 21:00:00,2025-03-15 21:00:00,0.0,20.65,8.98,73.6,6.82
2025-03-15 22:00:00,2025-03-15 22:00:00,0.0,19.09,5.03,70.74,6.77
2025-03-15 23:00:00,2025-03-15 23:00:00,0.0,17.93,2.42,70.76,6.41
2025-03-16 00:00:00,2025-03-16 00:00:00,0.0,16.85,2.55,73.07,6.25
2025-03-16 01:00:00,2025-03-16 01:00:00,0.0,15.87,2.77,73.78,6.62
2025-03-16 02:00:00,2025-03-16 02:00:00,0.0,15.2,2.77,74.69,6.24
2025-03-16 03:00:00,2025-03-16 03:00:00,0.0,14.83,2.56,74.91,5.4
2025-03-16 04:00:00,2025-03-16 04:00:00,0.0,14.61,2.67,75.43,4.52
2025-03-16 05:00:00,2025-03-16 05:00:00,0.0,14.38,1.98,77.19,3.71
2025-03-16 06:00:00,2025-03-16 06:00:00,0.03,14.71,1.16,75.61,3.69
2025-03-16 07:00:00,2025-03-16 07:00:00,0.26,16.07,0.68,65.97,5.28
2025-03-16 08:00:00,2025-03-16 08:00:00,0.59,17.57,0.31,57.9,6.58
2025-03-16 09:00:00,2025-03-16 09:00:00,1.03,19.11,0.09,52.7,6.6
2025-03-16 10:00:00,2025-03-16 10:00:00,1.77,20.49,0.02,49.55,6.38
2025-03-16 11:00:00,2025-03-16 11:00:00,2.36,21.53,0.01,47.31,6.1
2025-03-16 12:00:00,2025-03-16 12:00:00,2.32,22.36,0.01,45.8,5.6
2025-03-16 13:00:00,2025-03-16 13:00:00,2.27,22.9,0.01,44.94,5.01
2025-03-16 14:00:00,2025-03-16 14:00:00,1.6,23.1,0.01,44.8,4.43
2025-03-16 15:00:00,2025-03-16 15:00:00,0.91,22.84,0.01,45.77,3.98
2025-03-16 16:00:00,2025-03-16 16:00:00,0.41,21.94,0.0,48.77,3.4
2025-03-16 17:00:00,2025-03-16 17:00:00,0.06,19.83,0.0,67.46,2.17
2025-03-16 18:00:00,2025-03-16 18:00:00,0.0,17.78,0.0,78.31,2.29
2025-03-16 19:00:00,2025-03-16 19:00:00,0.0,16.88,0.0,80.05,2.46
2025-03-16 20:00:00,2025-03-16 20:00:00,0.0,15.96,0.0,82.65,2.51
2025-03-16 21:00:00,2025-03-16 21:00:00,0.0,15.18,0.0,85.33,2.45
2025-03-16 22:00:00,2025-03-16 22:00:00,0.0,14.55,0.0,87.98,2.26
2025-03-16 23:00:00,2025-03-16 23:00:00,0.0,14.11,0.0,90.33,1.77
2025-03-17 00:00:00,2025-03-17 00:00:00,0.0,13.9,0.0,90.45,1.09
2025-03-17 01:00:00,2025-03-17 01:00:00,0.0,13.64,0.0,90.44,0.58
2025-03-17 02:00:00,2025-03-17 02:00:00,0.0,13.39,0.01,90.25,1.34
2025-03-17 03:00:00,2025-03-17 03:00:00,0.0,12.63,0.07,91.89,2.08
2025-03-17 04:00:00,2025-03-17 04:00:00,0.0,12.09,0.13,91.38,2.29
2025-03-17 05:00:00,2025-03-17 05:00:00,0.0,11.72,0.2,90.55,2.24
2025-03-17 06:00:00,2025-03-17 06:00:00,0.03,12.5,0.19,85.09,2.52
2025-03-17 07:00:00,2025-03-17 07:00:00,0.24,14.7,0.08,68.88,3.82
2025-03-17 08:00:00,2025-03-17 08:00:00,0.64,17.11,0.03,56.34,5.19
2025-03-17 09:00:00,2025-03-17 09:00:00,0.88,19.15,0.01,50.35,4.76
2025-03-17 10:00:00,2025-03-17 10:00:00,1.05,20.56,0.01,47.83,3.89
2025-03-17 11:00:00,2025-03-17 11:00:00,0.9,21.61,0.0,46.53,3.24
2025-03-17 12:00:00,2025-03-17 12:00:00,1.02,22.33,0.0,46.19,2.76
2025-03-17 13:00:00,2025-03-17 13:00:00,0.95,22.47,0.0,46.91,2.45
2025-03-17 14:00:00,2025-03-17 14:00:00,0.83,22.33,0.0,48.15,2.46
2025-03-17 15:00:00,2025-03-17 15:00:00,0.57,21.87,0.0,50.47,2.73
2025-03-17 16:00:00,2025-03-17 16:00:00,0.32,20.96,0.0,54.73,3.09
2025-03-17 17:00:00,2025-03-17 17:00:00,0.08,18.99,0.0,69.38,2.58
2025-03-17 18:00:00,2025-03-17 18:00:00,0.0,17.02,0.0,79.69,2.76
2025-03-17 19:00:00,2025-03-17 19:00:00,0.0,16.07,0.0,82.47,3.05
2025-03-17 20:00:00,2025-03-17 20:00:00,0.0,15.22,0.0,86.26,2.93
2025-03-17 21:00:00,2025-03-17 21:00:00,0.0,14.55,0.02,89.55,2.56
2025-03-17 22:00:00,2025-03-17 22:00:00,0.0,14.18,0.05,91.56,2.1
2025-03-17 23:00:00,2025-03-17 23:00:00,0.0,14.08,0.1,92.77,1.57
2025-03-18 00:00:00,2025-03-18 00:00:00,0.0,14.06,0.34,93.49,1.17
2025-03-18 01:00:00,2025-03-18 01:00:00,0.0,14.16,0.91,91.8,1.25
2025-03-18 02:00:00,2025-03-18 02:00:00,0.0,14.1,1.73,90.69,2.02
2025-03-18 03:00:00,2025-03-18 03:00:00,0.0,13.86,1.31,88.29,2.92
2025-03-18 04:00:00,2025-03-18 04:00:00,0.0,13.49,0.93,82.99,3.65
2025-03-18 05:00:00,2025-03-18 05:00:00,0.0,13.08,0.79,81.43,3.41
2025-03-18 06:00:00,2025-03-18 06:00:00,0.04,13.29,0.6,78.59,3.69
2025-03-18 07:00:00,2025-03-18 07:00:00,0.28,14.24,0.25,71.46,4.66
2025-03-18 08:00:00,2025-03-18 08:00:00,0.62,15.45,0.07,64.67,5.13
2025-03-18 09:00:00,2025-03-18 09:00:00,1.17,16.94,0.02,58.8,4.99
2025-03-18 10:00:00,2025-03-18 10:00:00,1.06,18.48,0.19,54.93,4.73
2025-03-18 11:00:00,2025-03-18 11:00:00,1.24,19.75,2.91,52.23,4.58
2025-03-18 12:00:00,2025-03-18 12:00:00,1.21,20.51,2.27,50.77,4.35
2025-03-18 13:00:00,2025-03-18 13:00:00,1.17,20.5,0.8,50.75,4.15
2025-03-18 14:00:00,2025-03-18 14:00:00,0.96,20.13,0.26,51.9,4.08
2025-03-18 15:00:00,2025-03-18 15:00:00,0.57,19.84,0.06,52.87,3.96
2025-03-18 16:00:00,2025-03-18 16:00:00,0.26,19.49,0.05,55.59,3.41
2025-03-18 17:00:00,2025-03-18 17:00:00,0.04,18.02,0.08,71.8,2.2
2025-03-18 18:00:00,2025-03-18 18:00:00,0.0,16.1,0.06,79.5,2.56
2025-03-18 19:00:00,2025-03-18 19:00:00,0.0,15.75,0.02,78.97,2.88
2025-03-18 20:00:00,2025-03-18 20:00:00,0.0,15.44,0.0,78.98,3.07
2025-03-18 21:00:00,2025-03-18 21:00:00,0.0,14.47,0.0,81.97,3.02
2025-03-18 22:00:00,2025-03-18 22:00:00,0.0,13.72,0.0,84.44,2.83
2025-03-18 23:00:00,2025-03-18 23:00:00,0.0,13.32,0.0,85.79,2.65
2025-03-19 00:00:00,2025-03-19 00:00:00,0.0,12.94,0.0,86.94,2.54
2025-03-19 01:00:00,2025-03-19 01:00:00,0.0,12.59,0.0,87.48,2.55
2025-03-19 02:00:00,2025-03-19 02:00:00,0.0,12.26,0.0,87.23,2.71
2025-03-19 03:00:00,2025-03-19 03:00:00,0.0,12.2,0.0,86.45,2.83
2025-03-19 04:00:00,2025-03-19 04:00:00,0.0,12.3,0.0,86.5,2.69
2025-03-19 05:00:00,2025-03-19 05:00:00,0.0,12.33,0.0,87.5,2.4
2025-03-19 06:00:00,2025-03-19 06:00:00,0.09,13.08,0.0,84.64,2.4
2025-03-19 07:00:00,2025-03-19 07:00:00,0.49,15.54,0.0,67.83,3.5
2025-03-19 08:00:00,2025-03-19 08:00:00,0.99,18.02,0.0,53.28,4.96
2025-03-19 09:00:00,2025-03-19 09:00:00,1.47,19.99,0.0,44.97,4.85
2025-03-19 10:00:00,2025-03-19 10:00:00,1.68,21.34,0.0,41.18,4.46
2025-03-19 11:00:00,2025-03-19 11:00:00,2.06,22.34,0.0,39.43,4.35
2025-03-19 12:00:00,2025-03-19 12:00:00,1.99,23.06,0.0,38.67,4.21
2025-03-19 13:00:00,2025-03-19 13:00:00,1.45,23.42,0.0,38.46,3.94
2025-03-19 14:00:00,2025-03-19 14:00:00,1.06,23.42,0.0,38.97,3.64
2025-03-19 15:00:00,2025-03-19 15:00:00,0.64,23.1,0.0,39.99,3.32
2025-03-19 16:00:00,2025-03-19 16:00:00,0.29,22.1,0.0,44.54,2.67
2025-03-19 17:00:00,2025-03-19 17:00:00,0.05,19.77,0.0,67.27,1.73
2025-03-19 18:00:00,2025-03-19 18:00:00,0.0,17.93,0.0,69.01,1.92
2025-03-19 19:00:00,2025-03-19 19:00:00,0.0,16.78,0.0,73.68,2.24
2025-03-19 20:00:00,2025-03-19 20:00:00,0.0,15.77,0.0,77.12,2.56
2025-03-19 21:00:00,2025-03-19 21:00:00,0.0,15.01,0.0,78.85,2.77
2025-03-19 22:00:00,2025-03-19 22:00:00,0.0,14.39,0.0,80.32,2.84
2025-03-19 23:00:00,2025-03-19 23:00:00,0.0,13.88,0.0,81.99,2.8
2025-03-20 00:00:00,2025-03-20 00:00:00,0.0,13.34,0.0,83.96,2.68
2025-03-20 01:00:00,2025-03-20 01:00:00,0.0,12.76,0.0,85.75,2.61
2025-03-20 02:00:00,2025-03-20 02:00:00,0.0,12.19,0.0,87.3,2.55
2025-03-20 03:00:00,2025-03-20 03:00:00,0.0,11.71,0.0,88.46,2.52
2025-03-20 04:00:00,2025-03-20 04:00:00,0.0,11.34,0.0,89.11,2.53
2025-03-20 05:00:00,2025-03-20 05:00:00,0.0,11.07,0.0,89.54,2.64
2025-03-20 06:00:00,2025-03-20 06:00:00,0.08,12.45,0.0,85.46,2.75
2025-03-20 07:00:00,2025-03-20 07:00:00,0.52,15.52,0.0,68.86,3.73
2025-03-20 08:00:00,2025-03-20 08:00:00,1.13,18.73,0.0,52.62,3.53
2025-03-20 09:00:00,2025-03-20 09:00:00,2.04,21.65,0.0,39.35,3.63
2025-03-20 10:00:00,2025-03-20 10:00:00,2.71,23.2,0.0,35.68,3.1
2025-03-20 11:00:00,2025-03-20 11:00:00,3.02,24.23,0.0,34.58,2.6
2025-03-20 12:00:00,2025-03-20 12:00:00,2.86,24.89,0.0,34.27,2.2
2025-03-20 13:00:00,2025-03-20 13:00:00,2.38,25.23,0.0,34.45,1.9
2025-03-20 14:00:00,2025-03-20 14:00:00,2.01,25.17,0.0,35.13,1.74
2025-03-20 15:00:00,2025-03-20 15:00:00,1.37,24.72,0.0,36.74,1.73
2025-03-20 16:00:00,2025-03-20 16:00:00,0.66,23.76,0.0,41.26,1.67
2025-03-20 17:00:00,2025-03-20 17:00:00,0.16,21.46,0.0,61.83,1.46
2025-03-20 18:00:00,2025-03-20 18:00:00,0.0,19.42,0.0,63.32,1.87
2025-03-20 19:00:00,2025-03-20 19:00:00,0.0,18.31,0.0,66.7,2.17
2025-03-20 20:00:00,2025-03-20 20:00:00,0.0,17.38,0.0,69.32,2.34
2025-03-20 21:00:00,2025-03-20 21:00:00,0.0,16.52,0.0,72.13,2.44
2025-03-20 22:00:00,2025-03-20 22:00:00,0.0,15.88,0.0,74.08,2.45
2025-03-20 23:00:00,2025-03-20 23:00:00,0.0,15.49,0.0,74.67,2.33
2025-03-21 00:00:00,2025-03-21 00:00:00,0.0,15.34,0.0,73.7,2.06
2025-03-21 01:00:00,2025-03-21 01:00:00,0.0,15.28,0.0,72.1,1.74
2025-03-21 02:00:00,2025-03-21 02:00:00,0.0,15.04,0.0,71.97,1.53
2025-03-21 03:00:00,2025-03-21 03:00:00,0.0,14.66,0.0,73.07,1.56
2025-03-21 04:00:00,2025-03-21 04:00:00,0.0,14.14,0.0,74.97,1.74
2025-03-21 05:00:00,2025-03-21 05:00:00,0.0,13.47,0.0,78.02,2.0
2025-03-21 06:00:00,2025-03-21 06:00:00,0.13,14.08,0.0,82.76,1.99
2025-03-21 07:00:00,2025-03-21 07:00:00,0.73,17.01,0.0,65.56,2.53
2025-03-21 08:00:00,2025-03-21 08:00:00,1.55,19.94,0.0,53.49,1.49
2025-03-21 09:00:00,2025-03-21 09:00:00,2.26,23.3,0.0,40.22,1.05
2025-03-21 10:00:00,2025-03-21 10:00:00,2.8,24.84,0.0,37.37,1.92
2025-03-21 11:00:00,2025-03-21 11:00:00,2.89,25.72,0.0,36.89,2.2
2025-03-21 12:00:00,2025-03-21 12:00:00,2.94,26.29,0.0,36.98,2.49
2025-03-21 13:00:00,2025-03-21 13:00:00,2.72,26.5,0.0,37.5,2.94
2025-03-21 14:00:00,2025-03-21 14:00:00,2.18,26.31,0.0,38.68,3.43
2025-03-21 15:00:00,2025-03-21 15:00:00,1.44,25.77,0.0,40.05,3.83
2025-03-21 16:00:00,2025-03-21 16:00:00,0.82,24.34,0.0,46.4,3.8
2025-03-21 17:00:00,2025-03-21 17:00:00,0.21,21.23,0.0,66.07,2.97
2025-03-21 18:00:00,2025-03-21 18:00:00,0.0,18.73,0.0,72.36,3.34
2025-03-21 19:00:00,2025-03-21 19:00:00,0.0,17.73,0.0,73.93,3.44
2025-03-21 20:00:00,2025-03-21 20:00:00,0.0,16.76,0.0,77.49,3.15
2025-03-21 21:00:00,2025-03-21 21:00:00,0.0,15.95,0.0,81.62,2.75
2025-03-21 22:00:00,2025-03-21 22:00:00,0.0,15.34,0.0,84.69,2.48
2025-03-21 23:00:00,2025-03-21 23:00:00,0.0,14.93,0.0,85.98,2.26
2025-03-22 00:00:00,2025-03-22 00:00:00,0.0,14.69,0.0,85.36,2.02
2025-03-22 01:00:00,2025-03-22 01:00:00,0.0,14.62,0.0,83.67,1.68
2025-03-22 02:00:00,2025-03-22 02:00:00,0.0,14.63,0.0,81.94,1.25
2025-03-22 03:00:00,2025-03-22 03:00:00,0.0,14.64,0.0,80.71,0.73
2025-03-22 04:00:00,2025-03-22 04:00:00,0.0,14.56,0.0,80.76,0.27
2025-03-22 05:00:00,2025-03-22 05:00:00,0.0,14.38,0.0,81.86,0.3
2025-03-22 06:00:00,2025-03-22 06:00:00,0.13,14.98,0.0,83.73,0.73
2025-03-22 07:00:00,2025-03-22 07:00:00,0.71,17.04,0.0,73.06,1.0
2025-03-22 08:00:00,2025-03-22 08:00:00,1.41,20.34,0.0,55.3,1.74
2025-03-22 09:00:00,2025-03-22 09:00:00,2.11,22.65,0.0,48.25,2.86
2025-03-22 10:00:00,2025-03-22 10:00:00,2.67,24.09,0.0,46.19,3.4
2025-03-22 11:00:00,2025-03-22 11:00:00,2.93,25.08,0.0,45.37,3.57
2025-03-22 12:00:00,2025-03-22 12:00:00,2.96,25.76,0.0,45.11,3.46
2025-03-22 13:00:00,2025-03-22 13:00:00,2.74,26.06,0.0,45.39,3.23
2025-03-22 14:00:00,2025-03-22 14:00:00,2.21,26.0,0.0,46.4,3.04
2025-03-22 15:00:00,2025-03-22 15:00:00,1.44,25.49,0.0,48.73,2.92
2025-03-22 16:00:00,2025-03-22 16:00:00,0.77,24.46,0.0,53.68,2.8
2025-03-22 17:00:00,2025-03-22 17:00:00,0.23,22.0,0.0,73.83,2.19
2025-03-22 18:00:00,2025-03-22 18:00:00,0.0,19.68,0.0,80.19,2.72
2025-03-22 19:00:00,2025-03-22 19:00:00,0.0,18.84,0.0,81.4,2.95
2025-03-22 20:00:00,2025-03-22 20:00:00,0.0,17.99,0.0,83.73,3.02
2025-03-22 21:00:00,2025-03-22 21:00:00,0.0,17.2,0.0,87.55,2.86
2025-03-22 22:00:00,2025-03-22 22:00:00,0.0,16.52,0.0,91.75,2.57
2025-03-22 23:00:00,2025-03-22 23:00:00,0.0,15.95,0.0,95.65,2.29
2025-03-23 00:00:00,2025-03-23 00:00:00,0.0,15.54,0.0,97.77,2.11
2025-03-23 01:00:00,2025-03-23 01:00:00,0.0,15.33,0.0,98.03,1.81
2025-03-23 02:00:00,2025-03-23 02:00:00,0.0,15.45,0.0,95.78,1.28
2025-03-23 03:00:00,2025-03-23 03:00:00,0.0,15.58,0.0,93.88,0.66
2025-03-23 04:00:00,2025-03-23 04:00:00,0.0,15.64,0.0,92.92,0.41
2025-03-23 05:00:00,2025-03-23 05:00:00,0.0,15.4,0.0,94.05,0.68
2025-03-23 06:00:00,2025-03-23 06:00:00,0.11,15.93,0.0,92.74,0.89
2025-03-23 07:00:00,2025-03-23 07:00:00,0.59,18.12,0.0,82.09,1.21
2025-03-23 08:00:00,2025-03-23 08:00:00,1.27,20.83,0.0,68.09,1.82
2025-03-23 09:00:00,2025-03-23 09:00:00,1.99,22.95,0.0,59.6,2.1
2025-03-23 10:00:00,2025-03-23 10:00:00,2.52,24.67,0.0,54.94,2.11
2025-03-23 11:00:00,2025-03-23 11:00:00,2.94,25.93,0.0,52.45,1.85
2025-03-23 12:00:00,2025-03-23 12:00:00,3.01,26.81,0.0,51.13,1.53
2025-03-23 13:00:00,2025-03-23 13:00:00,2.77,27.32,0.0,50.57,1.45
2025-03-23 14:00:00,2025-03-23 14:00:00,2.19,27.42,0.0,50.75,1.7
2025-03-23 15:00:00,2025-03-23 15:00:00,1.55,27.04,0.0,52.09,2.14
2025-03-23 16:00:00,2025-03-23 16:00:00,0.8,25.87,0.0,57.42,2.62
2025-03-23 17:00:00,2025-03-23 17:00:00,0.23,23.45,0.0,74.9,2.36
2025-03-23 18:00:00,2025-03-23 18:00:00,0.0,21.34,0.0,81.02,3.06
2025-03-23 19:00:00,2025-03-23 19:00:00,0.0,20.53,0.0,82.72,3.74
2025-03-23 20:00:00,2025-03-23 20:00:00,0.0,19.59,0.0,86.84,3.77
2025-03-23 21:00:00,2025-03-23 21:00:00,0.0,18.74,0.0,91.08,3.2
2025-03-23 22:00:00,2025-03-23 22:00:00,0.0,18.06,0.0,94.58,2.32
2025-03-23 23:00:00,2025-03-23 23:00:00,0.0,17.55,0.05,96.55,1.7
2025-03-24 00:00:00,2025-03-24 00:00:00,0.0,17.22,0.08,97.49,1.34
2025-03-24 01:00:00,2025-03-24 01:00:00,0.0,17.17,0.09,97.03,0.96
2025-03-24 02:00:00,2025-03-24 02:00:00,0.0,17.11,0.12,96.72,0.74
2025-03-24 03:00:00,2025-03-24 03:00:00,0.0,16.88,0.15,97.47,0.85
2025-03-24 04:00:00,2025-03-24 04:00:00,0.0,16.58,0.14,98.42,0.99
2025-03-24 05:00:00,2025-03-24 05:00:00,0.0,16.45,0.1,98.41,0.95
2025-03-24 06:00:00,2025-03-24 06:00:00,0.13,17.16,0.04,95.33,0.85
2025-03-24 07:00:00,2025-03-24 07:00:00,0.65,19.12,0.01,85.1,0.76
2025-03-24 08:00:00,2025-03-24 08:00:00,1.37,21.4,0.01,74.93,0.7
2025-03-24 09:00:00,2025-03-24 09:00:00,1.99,23.74,0.02,66.39,0.74
2025-03-24 10:00:00,2025-03-24 10:00:00,2.59,25.6,0.01,61.31,0.82
2025-03-24 11:00:00,2025-03-24 11:00:00,2.67,26.75,0.0,59.18,0.74
2025-03-24 12:00:00,2025-03-24 12:00:00,2.82,27.61,0.0,57.7,0.58
2025-03-24 13:00:00,2025-03-24 13:00:00,2.56,28.18,0.0,56.69,0.72
2025-03-24 14:00:00,2025-03-24 14:00:00,2.02,28.3,0.01,56.72,1.19
2025-03-24 15:00:00,2025-03-24 15:00:00,1.31,27.92,0.0,58.2,1.81
2025-03-24 16:00:00,2025-03-24 16:00:00,0.74,26.97,0.0,62.61,2.44
2025-03-24 17:00:00,2025-03-24 17:00:00,0.21,24.7,0.0,78.63,2.21
2025-03-24 18:00:00,2025-03-24 18:00:00,0.0,22.65,0.0,84.58,2.81
2025-03-24 19:00:00,2025-03-24 19:00:00,0.0,21.91,0.0,86.08,3.35
2025-03-24 20:00:00,2025-03-24 20:00:00,0.0,21.06,0.01,89.47,3.45
2025-03-24 21:00:00,2025-03-24 21:00:00,0.0,20.33,0.04,92.76,3.16
2025-03-24 22:00:00,2025-03-24 22:00:00,0.0,19.79,0.05,94.79,2.75
2025-03-24 23:00:00,2025-03-24 23:00:00,0.0,19.38,0.07,96.14,2.4
2025-03-25 00:00:00,2025-03-25 00:00:00,0.0,19.02,0.16,97.17,2.17
2025-03-25 01:00:00,2025-03-25 01:00:00,0.0,18.68,0.25,98.36,1.96
2025-03-25 02:00:00,2025-03-25 02:00:00,0.0,18.36,0.28,99.61,1.78
2025-03-25 03:00:00,2025-03-25 03:00:00,0.0,18.14,0.27,100.0,1.64
2025-03-25 04:00:00,2025-03-25 04:00:00,0.0,17.99,0.29,100.0,1.54
2025-03-25 05:00:00,2025-03-25 05:00:00,0.0,17.9,0.31,100.0,1.46
2025-03-25 06:00:00,2025-03-25 06:00:00,0.12,18.81,0.26,96.38,1.51
2025-03-25 07:00:00,2025-03-25 07:00:00,0.5,20.54,0.12,89.49,1.94
2025-03-25 08:00:00,2025-03-25 08:00:00,1.01,22.71,0.04,81.71,2.21
2025-03-25 09:00:00,2025-03-25 09:00:00,1.43,24.78,0.2,74.65,2.29
2025-03-25 10:00:00,2025-03-25 10:00:00,1.76,26.49,0.42,69.65,2.06
2025-03-25 11:00:00,2025-03-25 11:00:00,1.96,27.95,0.6,66.0,1.71
2025-03-25 12:00:00,2025-03-25 12:00:00,2.15,29.08,0.66,63.26,1.8
2025-03-25 13:00:00,2025-03-25 13:00:00,2.13,29.74,0.8,61.88,2.26
2025-03-25 14:00:00,2025-03-25 14:00:00,1.87,29.77,0.99,62.35,2.75
2025-03-25 15:00:00,2025-03-25 15:00:00,1.31,29.23,1.19,64.63,3.25
2025-03-25 16:00:00,2025-03-25 16:00:00,0.67,27.79,1.07,70.62,3.65
2025-03-25 17:00:00,2025-03-25 17:00:00,0.18,25.56,0.73,81.46,3.35
2025-03-25 18:00:00,2025-03-25 18:00:00,0.0,23.66,0.54,86.99,3.61
2025-03-25 19:00:00,2025-03-25 19:00:00,0.0,22.66,0.31,88.56,4.06
2025-03-25 20:00:00,2025-03-25 20:00:00,0.0,21.7,0.18,91.43,3.9
2025-03-25 21:00:00,2025-03-25 21:00:00,0.0,21.02,0.1,93.78,3.58
2025-03-25 22:00:00,2025-03-25 22:00:00,0.0,20.61,0.18,95.13,3.38
2025-03-25 23:00:00,2025-03-25 23:00:00,0.0,20.32,0.26,95.95,3.14
2025-03-26 00:00:00,2025-03-26 00:00:00,0.0,20.06,0.3,96.64,2.8
2025-03-26 01:00:00,2025-03-26 01:00:00,0.0,19.68,0.3,97.86,2.33
2025-03-26 02:00:00,2025-03-26 02:00:00,0.0,19.45,0.24,98.59,2.06
2025-03-26 03:00:00,2025-03-26 03:00:00,0.0,19.39,0.27,98.53,1.88
2025-03-26 04:00:00,2025-03-26 04:00:00,0.0,19.2,0.2,99.15,1.82
2025-03-26 05:00:00,2025-03-26 05:00:00,0.0,18.98,0.23,99.77,1.88
2025-03-26 06:00:00,2025-03-26 06:00:00,0.09,19.79,0.25,96.22,2.24
2025-03-26 07:00:00,2025-03-26 07:00:00,0.42,21.43,0.14,90.05,2.8
2025-03-26 08:00:00,2025-03-26 08:00:00,0.85,23.56,0.14,82.24,2.93
2025-03-26 09:00:00,2025-03-26 09:00:00,1.41,25.81,0.18,74.49,2.86
2025-03-26 10:00:00,2025-03-26 10:00:00,1.64,28.02,0.2,67.79,2.82
2025-03-26 11:00:00,2025-03-26 11:00:00,1.49,29.88,0.21,62.52,2.98
2025-03-26 12:00:00,2025-03-26 12:00:00,1.32,31.32,0.23,58.04,3.37
2025-03-26 13:00:00,2025-03-26 13:00:00,1.78,32.12,0.22,55.65,3.99
2025-03-26 14:00:00,2025-03-26 14:00:00,1.1,32.16,0.38,55.72,4.8
2025-03-26 15:00:00,2025-03-26 15:00:00,0.84,31.31,0.42,58.53,5.68
2025-03-26 16:00:00,2025-03-26 16:00:00,0.39,29.32,0.38,65.87,6.02
2025-03-26 17:00:00,2025-03-26 17:00:00,0.08,26.68,0.15,76.68,5.27
2025-03-26 18:00:00,2025-03-26 18:00:00,0.0,24.41,0.05,85.14,4.85
2025-03-26 19:00:00,2025-03-26 19:00:00,0.0,23.15,0.15,89.97,4.56
2025-03-26 20:00:00,2025-03-26 20:00:00,0.0,22.32,0.21,93.62,4.01
2025-03-26 21:00:00,2025-03-26 21:00:00,0.0,21.88,0.23,95.29,3.35
2025-03-26 22:00:00,2025-03-26 22:00:00,0.0,21.61,0.21,96.02,2.93
2025-03-26 23:00:00,2025-03-26 23:00:00,0.0,21.32,0.2,96.8,2.6
2025-03-27 00:00:00,2025-03-27 00:00:00,0.0,20.94,0.19,97.79,2.21
2025-03-27 01:00:00,2025-03-27 01:00:00,0.0,20.53,0.19,99.11,1.95
2025-03-27 02:00:00,2025-03-27 02:00:00,0.0,20.16,0.19,100.0,1.79
2025-03-27 03:00:00,2025-03-27 03:00:00,0.0,19.8,0.2,100.0,1.75
2025-03-27 04:00:00,2025-03-27 04:00:00,0.0,19.31,0.31,100.0,1.9
2025-03-27 05:00:00,2025-03-27 05:00:00,0.0,18.86,0.39,100.0,2.07
2025-03-27 06:00:00,2025-03-27 06:00:00,0.1,20.1,0.41,97.25,2.46
2025-03-27 07:00:00,2025-03-27 07:00:00,0.41,22.24,0.33,88.78,3.07
2025-03-27 08:00:00,2025-03-27 08:00:00,0.83,24.91,0.15,79.09,3.12
2025-03-27 09:00:00,2025-03-27 09:00:00,1.25,28.01,0.05,66.69,3.1
2025-03-27 10:00:00,2025-03-27 10:00:00,1.53,30.65,0.0,57.14,2.88
2025-03-27 11:00:00,2025-03-27 11:00:00,1.49,32.72,0.0,50.99,2.6
2025-03-27 12:00:00,2025-03-27 12:00:00,1.52,34.06,0.01,47.07,2.43
2025-03-27 13:00:00,2025-03-27 13:00:00,1.62,34.73,0.0,45.32,2.49
2025-03-27 14:00:00,2025-03-27 14:00:00,1.35,34.7,0.0,45.9,3.16
2025-03-27 15:00:00,2025-03-27 15:00:00,0.98,33.59,0.0,51.58,4.36
2025-03-27 16:00:00,2025-03-27 16:00:00,0.44,31.32,0.0,63.99,4.94
2025-03-27 17:00:00,2025-03-27 17:00:00,0.07,28.46,0.01,77.7,4.81
2025-03-27 18:00:00,2025-03-27 18:00:00,0.0,26.21,0.12,87.23,4.66
2025-03-27 19:00:00,2025-03-27 19:00:00,0.0,24.96,0.25,92.51,4.04
2025-03-27 20:00:00,2025-03-27 20:00:00,0.0,24.04,0.27,96.12,2.96
2025-03-27 21:00:00,2025-03-27 21:00:00,0.0,23.37,0.29,97.96,2.24
2025-03-27 22:00:00,2025-03-27 22:00:00,0.0,22.78,0.11,99.35,2.01
2025-03-27 23:00:00,2025-03-27 23:00:00,0.0,22.3,0.06,100.0,1.94
2025-03-28 00:00:00,2025-03-28 00:00:00,0.0,21.88,0.05,100.0,1.87
2025-03-28 01:00:00,2025-03-28 01:00:00,0.0,21.52,0.04,100.0,1.74
2025-03-28 02:00:00,2025-03-28 02:00:00,0.0,21.22,0.05,99.53,1.53
2025-03-28 03:00:00,2025-03-28 03:00:00,0.0,20.82,0.06,99.77,1.51
2025-03-28 04:00:00,2025-03-28 04:00:00,0.0,20.41,0.05,100.0,1.63
2025-03-28 05:00:00,2025-03-28 05:00:00,0.0,20.14,0.05,100.0,1.67
2025-03-28 06:00:00,2025-03-28 06:00:00,0.1,21.02,0.04,96.0,1.57
2025-03-28 07:00:00,2025-03-28 07:00:00,0.53,23.06,0.04,86.75,1.77
2025-03-28 08:00:00,2025-03-28 08:00:00,1.21,25.52,0.03,77.99,1.31
2025-03-28 09:00:00,2025-03-28 09:00:00,1.79,27.88,0.02,70.7,1.41
2025-03-28 10:00:00,2025-03-28 10:00:00,2.38,29.72,0.03,65.62,2.27
2025-03-28 11:00:00,2025-03-28 11:00:00,2.23,31.08,0.04,61.52,2.96
2025-03-28 12:00:00,2025-03-28 12:00:00,2.26,31.93,0.07,58.97,3.24
2025-03-28 13:00:00,2025-03-28 13:00:00,1.95,32.34,0.11,57.67,3.21
2025-03-28 14:00:00,2025-03-28 14:00:00,1.38,32.33,0.17,57.65,3.02
2025-03-28 15:00:00,2025-03-28 15:00:00,0.9,31.91,0.32,58.98,2.94
2025-03-28 16:00:00,2025-03-28 16:00:00,0.39,30.79,0.22,64.06,2.74
2025-03-28 17:00:00,2025-03-28 17:00:00,0.09,28.48,0.1,79.92,2.32
2025-03-28 18:00:00,2025-03-28 18:00:00,0.0,26.29,0.17,86.55,2.97
2025-03-28 19:00:00,2025-03-28 19:00:00,0.0,25.39,1.16,89.81,3.31
2025-03-28 20:00:00,2025-03-28 20:00:00,0.0,24.7,1.88,91.73,3.85
2025-03-28 21:00:00,2025-03-28 21:00:00,0.0,24.05,2.89,93.89,3.86
2025-03-28 22:00:00,2025-03-28 22:00:00,0.0,23.64,5.35,93.8,3.89
2025-03-28 23:00:00,2025-03-28 23:00:00,0.0,23.04,9.72,91.54,4.78
2025-03-29 00:00:00,2025-03-29 00:00:00,0.0,21.85,15.04,87.59,5.89
2025-03-29 01:00:00,2025-03-29 01:00:00,0.0,20.04,16.73,83.17,6.47
2025-03-29 02:00:00,2025-03-29 02:00:00,0.0,18.3,13.7,79.93,6.2
2025-03-29 03:00:00,2025-03-29 03:00:00,0.0,17.07,12.65,77.22,5.98
2025-03-29 04:00:00,2025-03-29 04:00:00,0.0,16.27,11.95,75.88,5.44
2025-03-29 05:00:00,2025-03-29 05:00:00,0.0,15.81,13.03,76.54,4.94
2025-03-29 06:00:00,2025-03-29 06:00:00,0.07,15.58,13.34,76.04,5.2
2025-03-29 07:00:00,2025-03-29 07:00:00,0.23,15.98,11.05,70.83,6.31
2025-03-29 08:00:00,2025-03-29 08:00:00,0.41,17.21,7.92,63.74,6.85
2025-03-29 09:00:00,2025-03-29 09:00:00,0.57,18.97,5.16,58.09,6.63
2025-03-29 10:00:00,2025-03-29 10:00:00,0.56,20.46,3.7,55.01,6.44
2025-03-29 11:00:00,2025-03-29 11:00:00,0.53,21.41,2.05,53.75,6.18
2025-03-29 12:00:00,2025-03-29 12:00:00,0.53,22.12,0.93,53.17,5.81
2025-03-29 13:00:00,2025-03-29 13:00:00,0.47,22.26,1.66,53.8,5.42
2025-03-29 14:00:00,2025-03-29 14:00:00,0.36,22.0,5.69,55.28,5.1
2025-03-29 15:00:00,2025-03-29 15:00:00,0.27,21.44,13.37,57.56,4.84
2025-03-29 16:00:00,2025-03-29 16:00:00,0.21,20.41,14.74,61.99,4.34
2025-03-29 17:00:00,2025-03-29 17:00:00,0.09,19.0,16.08,71.12,3.26
2025-03-29 18:00:00,2025-03-29 18:00:00,0.0,17.73,16.43,79.76,2.76
2025-03-29 19:00:00,2025-03-29 19:00:00,0.0,17.0,0.53,81.65,3.23
2025-03-29 20:00:00,2025-03-29 20:00:00,0.0,16.28,0.55,83.15,3.71
2025-03-29 21:00:00,2025-03-29 21:00:00,0.0,15.57,0.61,84.57,3.89
2025-03-29 22:00:00,2025-03-29 22:00:00,0.0,14.83,0.74,82.94,4.23
2025-03-29 23:00:00,2025-03-29 23:00:00,0.0,14.09,0.69,82.04,4.3
2025-03-30 00:00:00,2025-03-30 00:00:00,0.0,13.39,0.47,82.3,4.51
2025-03-30 01:00:00,2025-03-30 01:00:00,0.0,12.83,0.31,82.86,4.62
2025-03-30 02:00:00,2025-03-30 02:00:00,0.0,12.37,0.22,83.15,4.69
2025-03-30 03:00:00,2025-03-30 03:00:00,0.0,11.98,0.44,83.6,4.61
2025-03-30 04:00:00,2025-03-30 04:00:00,0.0,11.75,0.95,83.86,4.32
2025-03-30 05:00:00,2025-03-30 05:00:00,0.0,11.61,1.48,83.63,4.01
2025-03-30 06:00:00,2025-03-30 06:00:00,0.1,11.64,1.34,81.76,4.24
2025-03-30 07:00:00,2025-03-30 07:00:00,0.38,12.28,0.87,75.41,5.19
2025-03-30 08:00:00,2025-03-30 08:00:00,0.64,13.4,0.4,67.81,5.79
2025-03-30 09:00:00,2025-03-30 09:00:00,0.88,14.82,0.13,61.17,5.83
2025-03-30 10:00:00,2025-03-30 10:00:00,0.98,16.24,0.01,56.61,5.7
2025-03-30 11:00:00,2025-03-30 11:00:00,1.0,17.48,0.0,53.65,5.43
2025-03-30 12:00:00,2025-03-30 12:00:00,0.82,18.5,0.0,52.0,4.71
2025-03-30 13:00:00,2025-03-30 13:00:00,0.89,19.33,0.0,51.18,3.78
2025-03-30 14:00:00,2025-03-30 14:00:00,0.67,19.73,0.0,51.25,3.08
2025-03-30 15:00:00,2025-03-30 15:00:00,0.54,19.69,0.0,52.25,2.67
2025-03-30 16:00:00,2025-03-30 16:00:00,0.33,19.15,0.0,55.09,2.49
2025-03-30 17:00:00,2025-03-30 17:00:00,0.13,17.62,0.0,69.49,1.79
2025-03-30 18:00:00,2025-03-30 18:00:00,0.0,15.81,0.0,81.94,1.74
2025-03-30 19:00:00,2025-03-30 19:00:00,0.0,15.18,0.0,83.16,1.81
2025-03-30 20:00:00,2025-03-30 20:00:00,0.0,14.59,0.0,84.82,1.91
2025-03-30 21:00:00,2025-03-30 21:00:00,0.0,14.08,0.0,86.52,1.95
2025-03-30 22:00:00,2025-03-30 22:00:00,0.0,13.75,0.0,87.7,1.89
2025-03-30 23:00:00,2025-03-30 23:00:00,0.0,13.52,0.01,88.48,1.8
2025-03-31 00:00:00,2025-03-31 00:00:00,0.0,13.26,0.01,89.42,2.0
2025-03-31 01:00:00,2025-03-31 01:00:00,0.0,13.07,0.01,87.84,2.62
2025-03-31 02:00:00,2025-03-31 02:00:00,0.0,12.71,0.02,84.55,3.76
2025-03-31 03:00:00,2025-03-31 03:00:00,0.0,12.12,0.02,83.34,4.04
2025-03-31 04:00:00,2025-03-31 04:00:00,0.0,11.62,0.02,82.04,3.93
2025-03-31 05:00:00,2025-03-31 05:00:00,0.0,11.28,0.01,81.56,3.62
2025-03-31 06:00:00,2025-03-31 06:00:00,0.12,11.52,0.01,77.73,3.98
2025-03-31 07:00:00,2025-03-31 07:00:00,0.39,12.45,0.01,69.49,4.88
2025-03-31 08:00:00,2025-03-31 08:00:00,0.76,13.74,0.0,63.39,4.96
2025-03-31 09:00:00,2025-03-31 09:00:00,1.15,15.32,0.0,59.0,4.41
2025-03-31 10:00:00,2025-03-31 10:00:00,1.43,17.03,0.0,55.6,3.77
2025-03-31 11:00:00,2025-03-31 11:00:00,1.65,18.49,0.0,53.52,3.08
2025-03-31 12:00:00,2025-03-31 12:00:00,1.45,19.54,0.0,52.59,2.43
2025-03-31 13:00:00,2025-03-31 13:00:00,1.8,20.21,0.0,52.26,1.92
2025-03-31 14:00:00,2025-03-31 14:00:00,1.11,20.51,0.0,52.48,1.58
2025-03-31 15:00:00,2025-03-31 15:00:00,0.8,20.49,0.0,53.29,1.51
2025-03-31 16:00:00,2025-03-31 16:00:00,0.41,19.91,0.0,56.13,1.59
2025-03-31 17:00:00,2025-03-31 17:00:00,0.13,18.63,0.0,66.79,1.41
2025-03-31 18:00:00,2025-03-31 18:00:00,0.0,16.91,0.0,79.35,1.42
2025-03-31 19:00:00,2025-03-31 19:00:00,0.0,16.01,0.0,82.27,1.64
2025-03-31 20:00:00,2025-03-31 20:00:00,0.0,15.29,0.0,84.95,1.77
2025-03-31 21:00:00,2025-03-31 21:00:00,0.0,14.69,0.0,86.83,1.8
2025-03-31 22:00:00,2025-03-31 22:00:00,0.0,14.28,0.0,87.8,1.71
2025-03-31 23:00:00,2025-03-31 23:00:00,0.0,14.3,0.0,86.77,1.37
