2025-03-01 00:00:00,2025-03-01 00:00:00,0.0,18.48794259058756,0.07,99.54,2.43
2025-03-01 01:00:00,2025-03-01 01:00:00,0.0,18.251675645489197,0.06,100.0,2.22
2025-03-01 02:00:00,2025-03-01 02:00:00,0.0,18.0196264941028,0.06,100.0,2.16
2025-03-01 03:00:00,2025-03-01 03:00:00,0.0,17.858820492444067,0.06,100.0,2.17
2025-03-01 04:00:00,2025-03-01 04:00:00,0.0,17.747749590560282,0.06,100.0,2.25
2025-03-01 05:00:00,2025-03-01 05:00:00,0.0,17.613007874162747,0.06,100.0,2.35
2025-03-01 06:00:00,2025-03-01 06:00:00,0.02,18.031362869146676,0.06,99.3,2.67
2025-03-01 07:00:00,2025-03-01 07:00:00,0.18,19.851806173224567,0.05,89.2,4.11
2025-03-01 08:00:00,2025-03-01 08:00:00,0.53,21.989885689077457,0.04,79.92,4.96
2025-03-01 09:00:00,2025-03-01 09:00:00,0.84,24.131421689236237,0.04,72.86,4.74
2025-03-01 10:00:00,2025-03-01 10:00:00,1.14,26.100962982919917,0.03,66.97,4.45
2025-03-01 11:00:00,2025-03-01 11:00:00,1.09,27.79870823063347,0.04,61.69,4.25
2025-03-01 12:00:00,2025-03-01 12:00:00,1.1,29.16772583172708,0.06,57.92,4.45
2025-03-01 13:00:00,2025-03-01 13:00:00,0.88,29.98676273151988,0.08,56.66,5.21
2025-03-01 14:00:00,2025-03-01 14:00:00,0.77,30.115019883544377,0.1,58.1,6.38
2025-03-01 15:00:00,2025-03-01 15:00:00,0.49,29.43464677503483,0.11,62.55,7.74
2025-03-01 16:00:00,2025-03-01 16:00:00,0.24,27.908772206462146,0.13,70.08,8.52
2025-03-01 17:00:00,2025-03-01 17:00:00,0.03,25.32377777476463,0.11,80.59,7.9
2025-03-01 18:00:00,2025-03-01 18:00:00,0.0,23.406037311248546,0.11,88.59,6.48
2025-03-01 19:00:00,2025-03-01 19:00:00,0.0,22.435060357402655,1.35,92.7,5.5
2025-03-01 20:00:00,2025-03-01 20:00:00,0.0,21.695781627813933,1.18,94.64,4.88
2025-03-01 21:00:00,2025-03-01 21:00:00,0.0,21.136280065901328,0.91,95.4,4.45
2025-03-01 22:00:00,2025-03-01 22:00:00,0.0,20.736025372854005,0.79,95.89,4.22
2025-03-01 23:00:00,2025-03-01 23:00:00,0.0,20.40436004514069,0.72,97.31,3.54
2025-03-02 00:00:00,2025-03-02 00:00:00,0.0,19.519435190381852,0.71,98.33,3.04
2025-03-02 01:00:00,2025-03-02 01:00:00,0.0,19.203412317933118,0.77,99.72,2.6
2025-03-02 02:00:00,2025-03-02 02:00:00,0.0,18.950321534694673,0.79,100.0,2.32
2025-03-02 03:00:00,2025-03-02 03:00:00,0.0,18.75881267166235,0.92,100.0,2.21
2025-03-02 04:00:00,2025-03-02 04:00:00,0.0,18.615260290261403,0.78,100.0,2.23
2025-03-02 05:00:00,2025-03-02 05:00:00,0.0,18.502062928158974,0.55,100.0,2.25
2025-03-02 06:00:00,2025-03-02 06:00:00,0.03,19.455853691942274,0.49,98.88,2.41
2025-03-02 07:00:00,2025-03-02 07:00:00,0.21,22.395584342018516,0.36,90.59,3.21
2025-03-02 08:00:00,2025-03-02 08:00:00,0.54,25.514767869891518,0.42,81.92,3.51
2025-03-02 09:00:00,2025-03-02 09:00:00,0.85,28.20218060976753,0.41,73.45,3.15
2025-03-02 10:00:00,2025-03-02 10:00:00,1.16,30.638074823680686,0.38,65.51,2.8
2025-03-02 11:00:00,2025-03-02 11:00:00,1.32,32.73981911646141,0.41,57.32,2.45
2025-03-02 12:00:00,2025-03-02 12:00:00,1.24,34.254086383937064,0.46,52.76,2.26
2025-03-02 13:00:00,2025-03-02 13:00:00,1.07,34.95881174411799,0.44,51.22,2.7
2025-03-02 14:00:00,2025-03-02 14:00:00,0.93,34.773257920933546,0.52,52.47,3.76
2025-03-02 15:00:00,2025-03-02 15:00:00,0.58,33.4741496716577,0.7,56.81,5.0
2025-03-02 16:00:00,2025-03-02 16:00:00,0.29,30.94142886077683,0.8,67.03,5.89
2025-03-02 17:00:00,2025-03-02 17:00:00,0.05,27.59976437717562,0.68,80.75,5.52
2025-03-02 18:00:00,2025-03-02 18:00:00,0.0,25.25652306329447,0.78,89.11,5.24
2025-03-02 19:00:00,2025-03-02 19:00:00,0.0,24.117030864335423,0.65,93.71,4.54
2025-03-02 20:00:00,2025-03-02 20:00:00,0.0,23.523752555432196,0.7,95.67,3.65
2025-03-02 21:00:00,2025-03-02 21:00:00,0.0,23.16209288487922,0.56,96.48,2.83
2025-03-02 22:00:00,2025-03-02 22:00:00,0.0,22.87473566947716,0.38,97.12,2.41
2025-03-02 23:00:00,2025-03-02 23:00:00,0.0,22.45217694591852,0.28,97.59,2.21
2025-03-03 00:00:00,2025-03-03 00:00:00,0.0,20.62204502269493,0.23,98.48,2.02
2025-03-03 01:00:00,2025-03-03 01:00:00,0.0,20.22305988001433,0.23,99.25,1.85
2025-03-03 02:00:00,2025-03-03 02:00:00,0.0,19.831369187024134,0.21,99.59,1.64
2025-03-03 03:00:00,2025-03-03 03:00:00,0.0,19.496234339868295,0.23,99.39,1.45
2025-03-03 04:00:00,2025-03-03 04:00:00,0.0,19.24725657113668,0.22,99.54,1.38
2025-03-03 05:00:00,2025-03-03 05:00:00,0.0,19.079778183396282,0.24,99.48,1.29
2025-03-03 06:00:00,2025-03-03 06:00:00,0.03,20.079243125388658,0.25,96.73,1.13
2025-03-03 07:00:00,2025-03-03 07:00:00,0.27,22.916172179562196,0.24,90.18,1.03
2025-03-03 08:00:00,2025-03-03 08:00:00,0.65,26.13309929258705,0.33,82.34,0.44
2025-03-03 09:00:00,2025-03-03 09:00:00,1.11,29.12811252356383,0.3,74.37,0.13
2025-03-03 10:00:00,2025-03-03 10:00:00,1.36,31.852493033999828,0.16,66.46,0.48
2025-03-03 11:00:00,2025-03-03 11:00:00,1.55,34.258377206261954,0.11,57.72,0.61
2025-03-03 12:00:00,2025-03-03 12:00:00,1.57,35.79415440171925,0.13,52.13,0.59
2025-03-03 13:00:00,2025-03-03 13:00:00,1.49,36.41450323294837,0.09,48.71,0.83
2025-03-03 14:00:00,2025-03-03 14:00:00,1.32,36.21323534673581,0.09,47.7,1.41
2025-03-03 15:00:00,2025-03-03 15:00:00,0.92,35.02868895401334,0.08,49.7,2.33
2025-03-03 16:00:00,2025-03-03 16:00:00,0.45,32.55352881302501,0.11,59.28,3.0
2025-03-03 17:00:00,2025-03-03 17:00:00,0.09,29.164557225412622,0.18,76.63,2.98
2025-03-03 18:00:00,2025-03-03 18:00:00,0.0,26.699878601794435,0.25,83.59,3.28
2025-03-03 19:00:00,2025-03-03 19:00:00,0.0,25.31616963022437,0.15,88.36,3.4
2025-03-03 20:00:00,2025-03-03 20:00:00,0.0,24.532130577644867,0.21,93.37,3.24
2025-03-03 21:00:00,2025-03-03 21:00:00,0.0,24.05230649242692,0.29,96.34,2.99
2025-03-03 22:00:00,2025-03-03 22:00:00,0.0,23.650137285034916,0.12,98.28,2.63
2025-03-03 23:00:00,2025-03-03 23:00:00,0.0,23.23392093568505,0.06,99.49,2.35
2025-03-04 00:00:00,2025-03-04 00:00:00,0.0,21.28007060787676,0.05,99.99,2.17
2025-03-04 01:00:00,2025-03-04 01:00:00,0.0,20.90344369325536,0.05,100.0,1.98
2025-03-04 02:00:00,2025-03-04 02:00:00,0.0,20.588567463108213,0.05,100.0,1.71
2025-03-04 03:00:00,2025-03-04 03:00:00,0.0,20.38870136483572,0.05,99.27,1.4
2025-03-04 04:00:00,2025-03-04 04:00:00,0.0,20.159586582035292,0.07,98.83,1.26
2025-03-04 05:00:00,2025-03-04 05:00:00,0.0,19.998341619797465,0.08,100.0,1.4
2025-03-04 06:00:00,2025-03-04 06:00:00,0.05,20.680638639714154,0.08,97.74,1.69
2025-03-04 07:00:00,2025-03-04 07:00:00,0.39,22.904943772355388,0.07,89.42,2.08
2025-03-04 08:00:00,2025-03-04 08:00:00,0.87,25.586406299359925,0.07,80.4,1.79
2025-03-04 09:00:00,2025-03-04 09:00:00,1.32,28.084436383805112,0.09,72.27,1.63
2025-03-04 10:00:00,2025-03-04 10:00:00,2.0,30.368380414783523,0.07,65.76,1.59
2025-03-04 11:00:00,2025-03-04 11:00:00,2.13,32.51050896068787,0.04,60.61,1.65
2025-03-04 12:00:00,2025-03-04 12:00:00,2.4,33.95147229740059,0.03,56.22,1.99
2025-03-04 13:00:00,2025-03-04 13:00:00,2.17,34.74982428958851,0.03,53.73,2.58
2025-03-04 14:00:00,2025-03-04 14:00:00,2.04,34.90785371863273,0.02,53.6,3.4
2025-03-04 15:00:00,2025-03-04 15:00:00,1.16,34.2497072915604,0.03,56.81,4.38
2025-03-04 16:00:00,2025-03-04 16:00:00,0.58,32.38283508433762,0.01,66.16,4.87
2025-03-04 17:00:00,2025-03-04 17:00:00,0.13,28.91046969810669,0.0,79.41,4.65
2025-03-04 18:00:00,2025-03-04 18:00:00,0.0,26.714725587585697,0.01,86.84,5.13
2025-03-04 19:00:00,2025-03-04 19:00:00,0.0,25.67888898724103,0.02,91.71,5.02
2025-03-04 20:00:00,2025-03-04 20:00:00,0.0,24.709537163924512,0.04,95.1,4.41
2025-03-04 21:00:00,2025-03-04 21:00:00,0.0,24.004890337759317,0.09,96.7,3.62
2025-03-04 22:00:00,2025-03-04 22:00:00,0.0,23.445377923145536,0.09,97.63,2.86
2025-03-04 23:00:00,2025-03-04 23:00:00,0.0,22.982869927477672,0.09,98.09,2.59
2025-03-05 00:00:00,2025-03-05 00:00:00,0.0,21.11021739491633,0.11,98.08,2.66
2025-03-05 01:00:00,2025-03-05 01:00:00,0.0,20.728756723083606,0.13,98.2,2.68
2025-03-05 02:00:00,2025-03-05 02:00:00,0.0,20.40756777211625,0.17,98.25,2.65
2025-03-05 03:00:00,2025-03-05 03:00:00,0.0,20.196489815070926,0.24,98.11,2.83
2025-03-05 04:00:00,2025-03-05 04:00:00,0.0,19.989617880783427,0.28,97.69,3.25
2025-03-05 05:00:00,2025-03-05 05:00:00,0.0,19.74701992948062,0.3,96.82,3.73
2025-03-05 06:00:00,2025-03-05 06:00:00,0.05,20.38884588390552,0.31,94.01,4.55
2025-03-05 07:00:00,2025-03-05 07:00:00,0.35,22.763043332473305,0.3,84.97,5.18
2025-03-05 08:00:00,2025-03-05 08:00:00,0.75,25.456421311750933,0.29,75.98,5.17
2025-03-05 09:00:00,2025-03-05 09:00:00,1.26,27.94849577309737,0.22,70.14,4.71
2025-03-05 10:00:00,2025-03-05 10:00:00,1.52,30.185318395524053,0.17,65.66,4.01
2025-03-05 11:00:00,2025-03-05 11:00:00,1.48,32.15186365945214,0.14,62.36,3.25
2025-03-05 12:00:00,2025-03-05 12:00:00,1.66,33.59254547134242,0.11,60.61,2.75
2025-03-05 13:00:00,2025-03-05 13:00:00,1.62,34.37556980728313,0.1,59.89,2.78
2025-03-05 14:00:00,2025-03-05 14:00:00,1.12,34.42099114742545,0.09,59.78,3.38
2025-03-05 15:00:00,2025-03-05 15:00:00,0.72,33.56562540776138,0.06,61.3,4.09
2025-03-05 16:00:00,2025-03-05 16:00:00,0.34,31.585707236553958,0.04,66.78,4.29
2025-03-05 17:00:00,2025-03-05 17:00:00,0.07,28.411696570322107,0.04,81.09,3.07
2025-03-05 18:00:00,2025-03-05 18:00:00,0.0,26.181900360340038,0.17,87.49,2.97
2025-03-05 19:00:00,2025-03-05 19:00:00,0.0,25.02297768010509,0.41,89.56,2.83
2025-03-05 20:00:00,2025-03-05 20:00:00,0.0,24.170530573936553,0.59,90.72,2.7
2025-03-05 21:00:00,2025-03-05 21:00:00,0.0,23.564491792864338,1.08,91.62,2.56
2025-03-05 22:00:00,2025-03-05 22:00:00,0.0,23.102675929984837,1.24,91.51,2.76
2025-03-05 23:00:00,2025-03-05 23:00:00,0.0,22.690648241070328,1.45,90.19,3.93
2025-03-06 00:00:00,2025-03-06 00:00:00,0.0,19.060308904241666,1.64,87.29,5.62
2025-03-06 01:00:00,2025-03-06 01:00:00,0.0,18.71434033502801,1.72,84.03,6.34
2025-03-06 02:00:00,2025-03-06 02:00:00,0.0,18.4217203599036,1.64,81.03,6.26
2025-03-06 03:00:00,2025-03-06 03:00:00,0.0,18.205805008275632,1.84,79.5,6.25
2025-03-06 04:00:00,2025-03-06 04:00:00,0.0,17.95109338482805,1.73,77.47,6.61
2025-03-06 05:00:00,2025-03-06 05:00:00,0.0,17.550447171115167,1.28,75.93,6.83
2025-03-06 06:00:00,2025-03-06 06:00:00,0.03,17.371830033775016,0.85,74.9,6.68
2025-03-06 07:00:00,2025-03-06 07:00:00,0.21,18.13113562865406,0.5,73.17,6.73
2025-03-06 08:00:00,2025-03-06 08:00:00,0.43,19.260093250068607,0.54,70.61,6.9
2025-03-06 09:00:00,2025-03-06 09:00:00,0.61,20.572770185147316,1.05,67.22,7.17
2025-03-06 10:00:00,2025-03-06 10:00:00,0.68,21.975193796923914,1.85,61.77,7.39
2025-03-06 11:00:00,2025-03-06 11:00:00,0.78,23.416699873338832,2.88,55.89,7.22
2025-03-06 12:00:00,2025-03-06 12:00:00,0.94,24.62679435370799,3.24,53.52,6.52
2025-03-06 13:00:00,2025-03-06 13:00:00,0.87,25.51126332483557,2.33,52.97,5.51
2025-03-06 14:00:00,2025-03-06 14:00:00,0.65,25.944365007460952,1.13,53.38,4.61
2025-03-06 15:00:00,2025-03-06 15:00:00,0.46,25.699466946768396,0.41,54.22,4.24
2025-03-06 16:00:00,2025-03-06 16:00:00,0.22,24.605192215396425,0.11,57.1,4.0
2025-03-06 17:00:00,2025-03-06 17:00:00,0.04,22.333685480122398,0.02,70.84,2.72
2025-03-06 18:00:00,2025-03-06 18:00:00,0.0,20.682029899442195,0.09,76.64,2.92
2025-03-06 19:00:00,2025-03-06 19:00:00,0.0,19.78348737599058,0.08,76.88,3.39
2025-03-06 20:00:00,2025-03-06 20:00:00,0.0,19.111093793572465,0.21,76.13,3.91
2025-03-06 21:00:00,2025-03-06 21:00:00,0.0,18.577264232690563,0.11,76.64,3.97
2025-03-06 22:00:00,2025-03-06 22:00:00,0.0,18.30370298421309,0.02,77.75,3.83
2025-03-06 23:00:00,2025-03-06 23:00:00,0.0,18.102293292114602,0.01,78.76,3.77
2025-03-07 00:00:00,2025-03-07 00:00:00,0.0,12.172388982333437,0.0,79.46,3.97
2025-03-07 01:00:00,2025-03-07 01:00:00,0.0,10.869222907409682,0.04,80.67,4.15
2025-03-07 02:00:00,2025-03-07 02:00:00,0.0,9.328637603118192,0.2,82.94,4.07
2025-03-07 03:00:00,2025-03-07 03:00:00,0.0,8.164870296559421,0.47,84.13,4.15
2025-03-07 04:00:00,2025-03-07 04:00:00,0.0,7.266478239716056,0.38,84.42,3.95
2025-03-07 05:00:00,2025-03-07 05:00:00,0.0,6.456810768540522,0.26,84.12,3.69
2025-03-07 06:00:00,2025-03-07 06:00:00,0.03,5.844334823665796,0.22,81.28,3.77
2025-03-07 07:00:00,2025-03-07 07:00:00,0.21,5.851818154053934,0.24,71.08,4.97
2025-03-07 08:00:00,2025-03-07 08:00:00,0.48,6.328663007127661,0.25,62.65,5.5
2025-03-07 09:00:00,2025-03-07 09:00:00,0.75,7.146843609606276,0.25,56.2,5.18
2025-03-07 10:00:00,2025-03-07 10:00:00,1.19,8.44111126385251,0.19,52.97,4.75
2025-03-07 11:00:00,2025-03-07 11:00:00,1.63,10.175629303025353,0.15,51.48,4.27
2025-03-07 12:00:00,2025-03-07 12:00:00,1.65,11.103141935343025,0.1,50.96,3.88
2025-03-07 13:00:00,2025-03-07 13:00:00,1.57,11.651098087574654,0.07,51.22,3.64
2025-03-07 14:00:00,2025-03-07 14:00:00,1.07,11.937431317668109,0.05,52.34,3.49
2025-03-07 15:00:00,2025-03-07 15:00:00,0.67,12.035540102256052,0.03,54.62,3.4
2025-03-07 16:00:00,2025-03-07 16:00:00,0.32,11.713761692734918,0.02,58.95,3.13
2025-03-07 17:00:00,2025-03-07 17:00:00,0.06,10.33272125619335,0.01,73.36,2.17
2025-03-07 18:00:00,2025-03-07 18:00:00,0.0,9.407911806627599,0.01,81.89,2.12
2025-03-07 19:00:00,2025-03-07 19:00:00,0.0,8.942086938435658,0.03,82.84,2.24
2025-03-07 20:00:00,2025-03-07 20:00:00,0.0,8.383909070356683,0.07,83.35,2.32
2025-03-07 21:00:00,2025-03-07 21:00:00,0.0,7.737067740373586,0.14,84.95,2.16
2025-03-07 22:00:00,2025-03-07 22:00:00,0.0,7.204064537487307,0.23,86.95,1.98
2025-03-07 23:00:00,2025-03-07 23:00:00,0.0,6.895967726911398,0.25,88.9,1.7
2025-03-08 00:00:00,2025-03-08 00:00:00,0.0,13.651078290735082,0.18,90.42,1.4
2025-03-08 01:00:00,2025-03-08 01:00:00,0.0,13.397451040113104,0.1,91.72,1.06
2025-03-08 02:00:00,2025-03-08 02:00:00,0.0,13.096875336027807,0.14,92.84,0.61
2025-03-08 03:00:00,2025-03-08 03:00:00,0.0,12.876079107247012,0.25,92.95,1.01
2025-03-08 04:00:00,2025-03-08 04:00:00,0.0,12.667579329768872,0.27,93.95,1.65
2025-03-08 05:00:00,2025-03-08 05:00:00,0.0,12.457646535972545,0.2,94.97,1.94
2025-03-08 06:00:00,2025-03-08 06:00:00,0.03,12.47092973660335,0.15,93.21,2.52
2025-03-08 07:00:00,2025-03-08 07:00:00,0.2,13.143604824949048,0.14,85.01,3.54
2025-03-08 08:00:00,2025-03-08 08:00:00,0.45,14.164633241354247,0.13,77.57,3.46
2025-03-08 09:00:00,2025-03-08 09:00:00,0.79,15.68512338277589,0.21,72.54,2.89
2025-03-08 10:00:00,2025-03-08 10:00:00,1.22,16.94280456785891,0.32,69.86,2.46
2025-03-08 11:00:00,2025-03-08 11:00:00,1.28,17.973353501198854,0.34,67.43,2.22
2025-03-08 12:00:00,2025-03-08 12:00:00,0.96,18.776891160164645,0.26,65.94,2.01
2025-03-08 13:00:00,2025-03-08 13:00:00,1.11,19.222213500559754,0.19,65.66,1.78
2025-03-08 14:00:00,2025-03-08 14:00:00,1.05,19.25448024784305,0.2,65.71,1.68
2025-03-08 15:00:00,2025-03-08 15:00:00,0.78,18.88090671362541,0.27,65.97,1.88
2025-03-08 16:00:00,2025-03-08 16:00:00,0.35,18.141306242319388,0.21,68.51,2.22
2025-03-08 17:00:00,2025-03-08 17:00:00,0.06,16.76986853227571,0.08,81.17,1.87
2025-03-08 18:00:00,2025-03-08 18:00:00,0.0,15.703353355439477,0.02,89.67,2.05
2025-03-08 19:00:00,2025-03-08 19:00:00,0.0,15.264644350503584,0.04,91.22,2.25
2025-03-08 20:00:00,2025-03-08 20:00:00,0.0,15.00277777844367,0.03,93.27,2.27
2025-03-08 21:00:00,2025-03-08 21:00:00,0.0,14.7518357146202,0.03,95.05,2.25
2025-03-08 22:00:00,2025-03-08 22:00:00,0.0,14.498793098669294,0.07,96.21,2.27
2025-03-08 23:00:00,2025-03-08 23:00:00,0.0,14.267530673120792,0.1,96.77,2.16
2025-03-09 00:00:00,2025-03-09 00:00:00,0.0,14.10172838765498,0.12,97.47,1.98
2025-03-09 01:00:00,2025-03-09 01:00:00,0.0,13.955567231874177,0.13,97.91,1.77
2025-03-09 02:00:00,2025-03-09 02:00:00,0.0,13.851147928098236,0.13,98.27,1.58
2025-03-09 03:00:00,2025-03-09 03:00:00,0.0,13.785416678924337,0.11,98.31,1.43
2025-03-09 04:00:00,2025-03-09 04:00:00,0.0,13.647577506753871,0.13,98.61,1.3
2025-03-09 05:00:00,2025-03-09 05:00:00,0.0,13.445977132103952,0.2,98.52,1.21
2025-03-09 06:00:00,2025-03-09 06:00:00,0.03,13.464234680435965,0.25,95.62,1.42
2025-03-09 07:00:00,2025-03-09 07:00:00,0.17,13.89247904466613,0.3,87.87,1.78
2025-03-09 08:00:00,2025-03-09 08:00:00,0.31,14.70618075042659,0.46,80.64,1.93
2025-03-09 09:00:00,2025-03-09 09:00:00,0.6,15.73297724060745,0.52,75.6,2.08
2025-03-09 10:00:00,2025-03-09 10:00:00,0.77,16.557860192655237,0.54,71.38,2.39
2025-03-09 11:00:00,2025-03-09 11:00:00,0.95,17.388752335076475,0.58,68.34,2.7
2025-03-09 12:00:00,2025-03-09 12:00:00,1.23,18.01673590413882,0.64,66.39,3.02
2025-03-09 13:00:00,2025-03-09 13:00:00,1.08,18.260342869320624,0.66,65.4,3.37
2025-03-09 14:00:00,2025-03-09 14:00:00,0.93,18.43412631982713,0.6,65.76,3.77
2025-03-09 15:00:00,2025-03-09 15:00:00,0.61,18.51381906045514,0.38,67.87,4.15
2025-03-09 16:00:00,2025-03-09 16:00:00,0.32,18.129000925939714,0.11,72.22,4.33
2025-03-09 17:00:00,2025-03-09 17:00:00,0.07,16.90866541040005,0.04,82.57,3.34
2025-03-09 18:00:00,2025-03-09 18:00:00,0.0,15.560823872969772,0.06,90.4,2.99
2025-03-09 19:00:00,2025-03-09 19:00:00,0.0,14.99309372677568,0.25,92.87,3.04
2025-03-09 20:00:00,2025-03-09 20:00:00,0.0,14.50170920576103,0.4,95.2,2.8
2025-03-09 21:00:00,2025-03-09 21:00:00,0.0,14.098757687169673,0.54,96.71,2.33
2025-03-09 22:00:00,2025-03-09 22:00:00,0.0,13.824725274107596,0.7,97.49,2.05
2025-03-09 23:00:00,2025-03-09 23:00:00,0.0,13.638878768475937,0.81,97.79,1.9
2025-03-10 00:00:00,2025-03-10 00:00:00,0.0,16.72928900530514,0.86,98.1,1.75
2025-03-10 01:00:00,2025-03-10 01:00:00,0.0,16.530298141632024,0.95,98.35,1.6
2025-03-10 02:00:00,2025-03-10 02:00:00,0.0,16.355340705366896,0.99,98.6,1.48
2025-03-10 03:00:00,2025-03-10 03:00:00,0.0,16.221265288590107,0.95,98.88,1.48
2025-03-10 04:00:00,2025-03-10 04:00:00,0.0,16.06490374062714,0.76,99.11,1.42
2025-03-10 05:00:00,2025-03-10 05:00:00,0.0,15.936152904446445,0.57,98.94,1.32
2025-03-10 06:00:00,2025-03-10 06:00:00,0.04,16.369092778558418,0.49,96.26,1.44
2025-03-10 07:00:00,2025-03-10 07:00:00,0.23,17.742095706892595,0.54,89.51,1.95
2025-03-10 08:00:00,2025-03-10 08:00:00,0.54,19.278075105893976,0.79,82.3,2.09
2025-03-10 09:00:00,2025-03-10 09:00:00,0.58,20.598157979804657,0.7,76.24,1.96
2025-03-10 10:00:00,2025-03-10 10:00:00,0.75,21.88356104660385,0.55,70.2,2.22
2025-03-10 11:00:00,2025-03-10 11:00:00,0.86,22.985044349678688,0.43,65.12,2.63
2025-03-10 12:00:00,2025-03-10 12:00:00,0.78,23.817696655542672,0.26,61.78,2.95
2025-03-10 13:00:00,2025-03-10 13:00:00,1.04,24.379281161730265,0.14,60.22,3.17
2025-03-10 14:00:00,2025-03-10 14:00:00,0.84,24.48346585663951,0.09,60.14,3.45
2025-03-10 15:00:00,2025-03-10 15:00:00,0.57,24.164528569707553,0.05,61.56,3.88
2025-03-10 16:00:00,2025-03-10 16:00:00,0.27,23.401587503187297,0.03,66.19,4.19
2025-03-10 17:00:00,2025-03-10 17:00:00,0.04,21.947896250305526,0.01,78.67,3.57
2025-03-10 18:00:00,2025-03-10 18:00:00,0.0,20.666186900441282,0.04,87.62,3.99
2025-03-10 19:00:00,2025-03-10 19:00:00,0.0,20.0777506484584,0.0,92.0,4.65
2025-03-10 20:00:00,2025-03-10 20:00:00,0.0,19.537256899218903,0.01,95.3,4.34
2025-03-10 21:00:00,2025-03-10 21:00:00,0.0,19.05262602758014,0.02,95.97,3.54
2025-03-10 22:00:00,2025-03-10 22:00:00,0.0,18.689390724020548,0.02,96.18,2.93
2025-03-10 23:00:00,2025-03-10 23:00:00,0.0,18.415477964151435,0.01,96.91,2.48
2025-03-11 00:00:00,2025-03-11 00:00:00,0.0,17.913276817585313,0.01,97.65,2.13
2025-03-11 01:00:00,2025-03-11 01:00:00,0.0,17.705024864558073,0.01,98.54,1.93
2025-03-11 02:00:00,2025-03-11 02:00:00,0.0,17.503148588426146,0.01,99.55,1.83
2025-03-11 03:00:00,2025-03-11 03:00:00,0.0,17.28669489235236,0.01,100.0,1.81
2025-03-11 04:00:00,2025-03-11 04:00:00,0.0,17.10103968439327,0.01,100.0,1.78
2025-03-11 05:00:00,2025-03-11 05:00:00,0.0,16.962003109551464,0.01,100.0,1.79
2025-03-11 06:00:00,2025-03-11 06:00:00,0.03,17.411195910345697,0.01,96.59,2.16
2025-03-11 07:00:00,2025-03-11 07:00:00,0.24,18.68300371473557,0.0,86.79,3.06
2025-03-11 08:00:00,2025-03-11 08:00:00,0.63,20.267258637652795,0.01,78.01,3.83
2025-03-11 09:00:00,2025-03-11 09:00:00,0.72,21.79859487648769,0.01,71.66,4.47
2025-03-11 10:00:00,2025-03-11 10:00:00,1.01,23.379932539372128,0.01,67.71,4.45
2025-03-11 11:00:00,2025-03-11 11:00:00,1.27,24.810865821420197,0.01,66.0,3.95
2025-03-11 12:00:00,2025-03-11 12:00:00,1.41,25.818227937089844,0.01,64.2,3.63
2025-03-11 13:00:00,2025-03-11 13:00:00,1.33,26.383656639975037,0.01,63.24,3.81
2025-03-11 14:00:00,2025-03-11 14:00:00,0.98,26.514346805218125,0.01,64.02,4.44
2025-03-11 15:00:00,2025-03-11 15:00:00,0.62,26.23334697573382,0.01,67.7,5.44
2025-03-11 16:00:00,2025-03-11 16:00:00,0.41,25.307622161705147,0.0,73.16,6.42
2025-03-11 17:00:00,2025-03-11 17:00:00,0.08,23.401305562742003,0.0,81.38,6.21
2025-03-11 18:00:00,2025-03-11 18:00:00,0.0,21.69126304331992,0.0,88.81,5.57
2025-03-11 19:00:00,2025-03-11 19:00:00,0.0,20.85085937400781,0.33,92.74,5.19
2025-03-11 20:00:00,2025-03-11 20:00:00,0.0,20.150430374147117,0.58,95.13,4.59
2025-03-11 21:00:00,2025-03-11 21:00:00,0.0,19.680049947152327,0.57,96.05,3.89
2025-03-11 22:00:00,2025-03-11 22:00:00,0.0,19.317075957853994,0.58,96.3,3.48
2025-03-11 23:00:00,2025-03-11 23:00:00,0.0,18.987276770653313,0.64,96.48,3.25
2025-03-12 00:00:00,2025-03-12 00:00:00,0.0,19.383290511447566,0.73,96.7,3.0
2025-03-12 01:00:00,2025-03-12 01:00:00,0.0,19.044310377310843,0.81,96.97,2.68
2025-03-12 02:00:00,2025-03-12 02:00:00,0.0,18.72155922870554,0.87,97.23,2.42
2025-03-12 03:00:00,2025-03-12 03:00:00,0.0,18.432666557280225,0.86,97.66,2.24
2025-03-12 04:00:00,2025-03-12 04:00:00,0.0,18.221937847073832,0.82,98.34,2.0
2025-03-12 05:00:00,2025-03-12 05:00:00,0.0,18.076082078155263,0.81,99.01,1.87
2025-03-12 06:00:00,2025-03-12 06:00:00,0.04,18.886214582985243,0.78,96.17,2.23
2025-03-12 07:00:00,2025-03-12 07:00:00,0.28,20.910242744387208,0.74,90.27,3.27
2025-03-12 08:00:00,2025-03-12 08:00:00,0.65,23.171333810975952,0.98,82.51,4.44
2025-03-12 09:00:00,2025-03-12 09:00:00,0.95,25.215435508986122,1.97,74.89,4.5
2025-03-12 10:00:00,2025-03-12 10:00:00,1.2,27.004714124186115,2.2,69.58,4.1
2025-03-12 11:00:00,2025-03-12 11:00:00,1.25,28.249503725277453,2.34,65.82,3.85
2025-03-12 12:00:00,2025-03-12 12:00:00,1.22,29.29221262769953,2.21,63.72,4.09
2025-03-12 13:00:00,2025-03-12 13:00:00,1.14,29.89623603456008,2.04,63.2,4.76
2025-03-12 14:00:00,2025-03-12 14:00:00,0.88,29.874439530895607,1.61,64.38,5.54
2025-03-12 15:00:00,2025-03-12 15:00:00,0.67,29.118100701332217,1.1,67.54,6.19
2025-03-12 16:00:00,2025-03-12 16:00:00,0.34,27.750213190406257,1.12,73.42,6.49
2025-03-12 17:00:00,2025-03-12 17:00:00,0.08,25.563735687909745,0.81,82.58,5.75
2025-03-12 18:00:00,2025-03-12 18:00:00,0.0,23.645889053356044,0.65,90.49,5.27
2025-03-12 19:00:00,2025-03-12 19:00:00,0.0,22.56151846560651,1.92,94.44,5.0
2025-03-12 20:00:00,2025-03-12 20:00:00,0.0,21.79544910134161,2.13,95.31,4.54
2025-03-12 21:00:00,2025-03-12 21:00:00,0.0,21.317994346087875,1.86,95.39,4.34
2025-03-12 22:00:00,2025-03-12 22:00:00,0.0,20.995285560968505,1.58,95.43,4.22
2025-03-12 23:00:00,2025-03-12 23:00:00,0.0,20.70584973351328,1.54,95.74,3.93
2025-03-13 00:00:00,2025-03-13 00:00:00,0.0,21.526335782603073,1.71,96.21,3.55
2025-03-13 01:00:00,2025-03-13 01:00:00,0.0,21.20648304592668,1.81,96.79,3.18
2025-03-13 02:00:00,2025-03-13 02:00:00,0.0,20.943596888112463,2.53,97.08,2.99
2025-03-13 03:00:00,2025-03-13 03:00:00,0.0,20.743477649920315,3.2,97.18,2.96
2025-03-13 04:00:00,2025-03-13 04:00:00,0.0,20.613988778951676,3.41,97.19,2.89
2025-03-13 05:00:00,2025-03-13 05:00:00,0.0,20.525944150556388,3.1,97.22,2.86
2025-03-13 06:00:00,2025-03-13 06:00:00,0.03,21.482701823283634,3.01,95.4,3.45
2025-03-13 07:00:00,2025-03-13 07:00:00,0.17,23.72025981371487,2.75,91.04,4.16
2025-03-13 08:00:00,2025-03-13 08:00:00,0.47,26.38275120464258,4.3,83.54,5.25
2025-03-13 09:00:00,2025-03-13 09:00:00,0.69,28.73223197418119,5.46,76.01,5.42
2025-03-13 10:00:00,2025-03-13 10:00:00,0.97,30.64458727598073,6.31,71.92,5.21
2025-03-13 11:00:00,2025-03-13 11:00:00,1.01,32.09469516980355,7.08,69.4,4.93
2025-03-13 12:00:00,2025-03-13 12:00:00,1.1,33.058684483517645,7.81,67.59,4.78
2025-03-13 13:00:00,2025-03-13 13:00:00,0.78,33.45791452167452,8.26,66.68,4.96
2025-03-13 14:00:00,2025-03-13 14:00:00,0.67,33.176197241160175,5.99,67.73,5.47
2025-03-13 15:00:00,2025-03-13 15:00:00,0.54,32.19645538649367,5.21,71.97,6.14
2025-03-13 16:00:00,2025-03-13 16:00:00,0.27,30.483335659047366,3.64,77.34,6.54
2025-03-13 17:00:00,2025-03-13 17:00:00,0.06,28.094460466614105,2.98,84.85,5.82
2025-03-13 18:00:00,2025-03-13 18:00:00,0.0,26.066072923748965,2.15,91.69,5.15
2025-03-13 19:00:00,2025-03-13 19:00:00,0.0,24.95675474225951,0.67,94.66,4.89
2025-03-13 20:00:00,2025-03-13 20:00:00,0.0,24.368401776992076,0.61,95.48,4.5
2025-03-13 21:00:00,2025-03-13 21:00:00,0.0,24.06962816689552,0.52,95.71,4.26
2025-03-13 22:00:00,2025-03-13 22:00:00,0.0,23.864116043459138,0.53,95.99,3.97
2025-03-13 23:00:00,2025-03-13 23:00:00,0.0,23.677420293121347,0.52,96.66,3.54
2025-03-14 00:00:00,2025-03-14 00:00:00,0.0,21.537138009758884,0.57,97.12,3.32
2025-03-14 01:00:00,2025-03-14 01:00:00,0.0,21.296473462340405,0.56,97.58,3.25
2025-03-14 02:00:00,2025-03-14 02:00:00,0.0,21.06381402582201,0.63,98.17,3.16
2025-03-14 03:00:00,2025-03-14 03:00:00,0.0,20.849346062680038,0.66,98.77,3.09
2025-03-14 04:00:00,2025-03-14 04:00:00,0.0,20.653487859289065,0.66,99.16,3.08
2025-03-14 05:00:00,2025-03-14 05:00:00,0.0,20.48744142793516,0.67,99.4,3.01
2025-03-14 06:00:00,2025-03-14 06:00:00,0.04,20.79599339449278,0.6,96.25,3.54
2025-03-14 07:00:00,2025-03-14 07:00:00,0.25,22.12956129655585,0.5,89.87,4.49
2025-03-14 08:00:00,2025-03-14 08:00:00,0.51,24.389148136686682,0.76,81.0,5.15
2025-03-14 09:00:00,2025-03-14 09:00:00,0.81,26.46707505909502,0.92,72.68,4.48
2025-03-14 10:00:00,2025-03-14 10:00:00,1.06,27.87200342624431,0.76,66.52,3.57
2025-03-14 11:00:00,2025-03-14 11:00:00,1.31,28.842914783736084,0.74,60.75,2.73
2025-03-14 12:00:00,2025-03-14 12:00:00,1.61,29.489495123270657,0.7,57.29,2.29
2025-03-14 13:00:00,2025-03-14 13:00:00,1.35,29.77037573766605,0.64,55.65,2.47
2025-03-14 14:00:00,2025-03-14 14:00:00,1.13,29.454399589406112,0.6,56.0,3.1
2025-03-14 15:00:00,2025-03-14 15:00:00,0.72,28.408516196788916,0.56,58.38,3.96
2025-03-14 16:00:00,2025-03-14 16:00:00,0.33,27.11338163411089,0.46,64.89,4.6
2025-03-14 17:00:00,2025-03-14 17:00:00,0.06,25.390712546419575,0.37,77.73,4.17
2025-03-14 18:00:00,2025-03-14 18:00:00,0.0,23.86858530585721,0.3,85.27,4.43
2025-03-14 19:00:00,2025-03-14 19:00:00,0.0,23.036609878804516,0.02,90.0,4.43
2025-03-14 20:00:00,2025-03-14 20:00:00,0.0,22.560719062159357,0.02,94.13,3.86
2025-03-14 21:00:00,2025-03-14 21:00:00,0.0,22.23844117439296,0.03,96.35,3.08
2025-03-14 22:00:00,2025-03-14 22:00:00,0.0,21.96524000384263,0.02,97.33,2.43
2025-03-14 23:00:00,2025-03-14 23:00:00,0.0,21.641116428349537,0.02,97.78,2.11
2025-03-15 00:00:00,2025-03-15 00:00:00,0.0,22.26198677116233,0.02,98.44,1.93
2025-03-15 01:00:00,2025-03-15 01:00:00,0.0,21.999069383260725,0.02,98.91,1.82
2025-03-15 02:00:00,2025-03-15 02:00:00,0.0,21.74176038466068,0.02,98.47,1.75
2025-03-15 03:00:00,2025-03-15 03:00:00,0.0,21.499256022628803,0.02,98.34,1.75
2025-03-15 04:00:00,2025-03-15 04:00:00,0.0,21.297709992606123,0.02,99.08,1.82
2025-03-15 05:00:00,2025-03-15 05:00:00,0.0,21.129658180949374,0.02,100.0,1.9
2025-03-15 06:00:00,2025-03-15 06:00:00,0.04,21.81577005600012,0.04,96.34,2.3
2025-03-15 07:00:00,2025-03-15 07:00:00,0.26,23.775382698002314,0.07,89.21,2.8
2025-03-15 08:00:00,2025-03-15 08:00:00,0.57,26.43326297166991,0.14,81.7,2.76
2025-03-15 09:00:00,2025-03-15 09:00:00,0.93,28.807680726299683,0.19,75.4,2.59
2025-03-15 10:00:00,2025-03-15 10:00:00,1.21,30.59410322822372,0.18,70.56,2.45
2025-03-15 11:00:00,2025-03-15 11:00:00,1.12,32.05938152609543,0.16,66.27,2.5
2025-03-15 12:00:00,2025-03-15 12:00:00,1.06,32.96695485239793,0.13,62.99,2.78
2025-03-15 13:00:00,2025-03-15 13:00:00,1.57,33.35367700670209,0.11,60.82,3.34
2025-03-15 14:00:00,2025-03-15 14:00:00,1.04,33.1436724660835,0.1,60.52,4.26
2025-03-15 15:00:00,2025-03-15 15:00:00,0.74,32.32762227228801,0.09,63.29,5.38
2025-03-15 16:00:00,2025-03-15 16:00:00,0.36,30.86740146825446,0.05,68.37,5.98
2025-03-15 17:00:00,2025-03-15 17:00:00,0.09,28.469912695052358,0.05,76.19,5.17
2025-03-15 18:00:00,2025-03-15 18:00:00,0.0,26.5497181911442,0.08,80.3,5.24
2025-03-15 19:00:00,2025-03-15 19:00:00,0.0,25.48171960290522,6.12,80.08,5.84
2025-03-15 20:00:00,2025-03-15 20:00:00,0.0,24.689022647846965,7.86,77.3,6.49
2025-03-15 21:00:00,2025-03-15 21:00:00,0.0,24.153894748959235,8.98,73.6,6.82
2025-03-15 22:00:00,2025-03-15 22:00:00,0.0,23.747693349825823,5.03,70.74,6.77
2025-03-15 23:00:00,2025-03-15 23:00:00,0.0,23.416726455559264,2.42,70.76,6.41
2025-03-16 00:00:00,2025-03-16 00:00:00,0.0,17.36064524456173,2.55,73.07,6.25
2025-03-16 01:00:00,2025-03-16 01:00:00,0.0,17.137887961020983,2.77,73.78,6.62
2025-03-16 02:00:00,2025-03-16 02:00:00,0.0,17.01353877115502,2.77,74.69,6.24
2025-03-16 03:00:00,2025-03-16 03:00:00,0.0,16.88851979256853,2.56,74.91,5.4
2025-03-16 04:00:00,2025-03-16 04:00:00,0.0,16.711413155104722,2.67,75.43,4.52
2025-03-16 05:00:00,2025-03-16 05:00:00,0.0,16.55214172322279,1.98,77.19,3.71
2025-03-16 06:00:00,2025-03-16 06:00:00,0.03,17.31185165088604,1.16,75.61,3.69
2025-03-16 07:00:00,2025-03-16 07:00:00,0.26,19.173686123978417,0.68,65.97,5.28
2025-03-16 08:00:00,2025-03-16 08:00:00,0.59,21.48705679985655,0.31,57.9,6.58
2025-03-16 09:00:00,2025-03-16 09:00:00,1.03,23.511331863618913,0.09,52.7,6.6
2025-03-16 10:00:00,2025-03-16 10:00:00,1.77,25.10332647780581,0.02,49.55,6.38
2025-03-16 11:00:00,2025-03-16 11:00:00,2.36,26.458344837734476,0.01,47.31,6.1
2025-03-16 12:00:00,2025-03-16 12:00:00,2.32,27.359178540610014,0.01,45.8,5.6
2025-03-16 13:00:00,2025-03-16 13:00:00,2.27,27.782220490134684,0.01,44.94,5.01
2025-03-16 14:00:00,2025-03-16 14:00:00,1.6,27.605254473544996,0.01,44.8,4.43
2025-03-16 15:00:00,2025-03-16 15:00:00,0.91,26.738553713163576,0.01,45.77,3.98
2025-03-16 16:00:00,2025-03-16 16:00:00,0.41,25.288022894293356,0.0,48.77,3.4
2025-03-16 17:00:00,2025-03-16 17:00:00,0.06,23.180561008840442,0.0,67.46,2.17
2025-03-16 18:00:00,2025-03-16 18:00:00,0.0,21.49895210812418,0.0,78.31,2.29
2025-03-16 19:00:00,2025-03-16 19:00:00,0.0,20.528834529993524,0.0,80.05,2.46
2025-03-16 20:00:00,2025-03-16 20:00:00,0.0,19.660067522887648,0.0,82.65,2.51
2025-03-16 21:00:00,2025-03-16 21:00:00,0.0,18.79955415330028,0.0,85.33,2.45
2025-03-16 22:00:00,2025-03-16 22:00:00,0.0,18.020706957116733,0.0,87.98,2.26
2025-03-16 23:00:00,2025-03-16 23:00:00,0.0,17.427518192870465,0.0,90.33,1.77
2025-03-17 00:00:00,2025-03-17 00:00:00,0.0,13.452242579828594,0.0,90.45,1.09
2025-03-17 01:00:00,2025-03-17 01:00:00,0.0,12.561641412197101,0.0,90.44,0.58
2025-03-17 02:00:00,2025-03-17 02:00:00,0.0,11.955082493753245,0.01,90.25,1.34
2025-03-17 03:00:00,2025-03-17 03:00:00,0.0,11.629453839415453,0.07,91.89,2.08
2025-03-17 04:00:00,2025-03-17 04:00:00,0.0,11.448651212556843,0.13,91.38,2.29
2025-03-17 05:00:00,2025-03-17 05:00:00,0.0,11.258570946838724,0.2,90.55,2.24
2025-03-17 06:00:00,2025-03-17 06:00:00,0.03,11.565680734948147,0.19,85.09,2.52
2025-03-17 07:00:00,2025-03-17 07:00:00,0.24,12.81238118566064,0.08,68.88,3.82
2025-03-17 08:00:00,2025-03-17 08:00:00,0.64,14.184618385420931,0.03,56.34,5.19
2025-03-17 09:00:00,2025-03-17 09:00:00,0.88,15.602023849029207,0.01,50.35,4.76
2025-03-17 10:00:00,2025-03-17 10:00:00,1.05,16.877750829574804,0.01,47.83,3.89
2025-03-17 11:00:00,2025-03-17 11:00:00,0.9,17.837309463524726,0.0,46.53,3.24
2025-03-17 12:00:00,2025-03-17 12:00:00,1.02,18.610081239621266,0.0,46.19,2.76
2025-03-17 13:00:00,2025-03-17 13:00:00,0.95,19.122798592621375,0.0,46.91,2.45
2025-03-17 14:00:00,2025-03-17 14:00:00,0.83,19.33257089492994,0.0,48.15,2.46
2025-03-17 15:00:00,2025-03-17 15:00:00,0.57,19.132060800428274,0.0,50.47,2.73
2025-03-17 16:00:00,2025-03-17 16:00:00,0.32,18.346394179551837,0.0,54.73,3.09
2025-03-17 17:00:00,2025-03-17 17:00:00,0.08,16.438244806090793,0.0,69.38,2.58
2025-03-17 18:00:00,2025-03-17 18:00:00,0.0,14.574881429459849,0.0,79.69,2.76
2025-03-17 19:00:00,2025-03-17 19:00:00,0.0,13.773319581717752,0.0,82.47,3.05
2025-03-17 20:00:00,2025-03-17 20:00:00,0.0,12.957540097664419,0.0,86.26,2.93
2025-03-17 21:00:00,2025-03-17 21:00:00,0.0,12.281241848428849,0.02,89.55,2.56
2025-03-17 22:00:00,2025-03-17 22:00:00,0.0,11.744367234336156,0.05,91.56,2.1
2025-03-17 23:00:00,2025-03-17 23:00:00,0.0,11.375433190300994,0.1,92.77,1.57
2025-03-18 00:00:00,2025-03-18 00:00:00,0.0,13.983456671146026,0.34,93.49,1.17
2025-03-18 01:00:00,2025-03-18 01:00:00,0.0,13.73233249558155,0.91,91.8,1.25
2025-03-18 02:00:00,2025-03-18 02:00:00,0.0,13.485685574796795,1.73,90.69,2.02
2025-03-18 03:00:00,2025-03-18 03:00:00,0.0,12.756471287071836,1.31,88.29,2.92
2025-03-18 04:00:00,2025-03-18 04:00:00,0.0,12.231111530069757,0.93,82.99,3.65
2025-03-18 05:00:00,2025-03-18 05:00:00,0.0,11.865636196354256,0.79,81.43,3.41
2025-03-18 06:00:00,2025-03-18 06:00:00,0.04,12.568414989059793,0.6,78.59,3.69
2025-03-18 07:00:00,2025-03-18 07:00:00,0.28,14.584057582678016,0.25,71.46,4.66
2025-03-18 08:00:00,2025-03-18 08:00:00,0.62,16.794465477993437,0.07,64.67,5.13
2025-03-18 09:00:00,2025-03-18 09:00:00,1.17,18.657875236136164,0.02,58.8,4.99
2025-03-18 10:00:00,2025-03-18 10:00:00,1.06,19.93423329339744,0.19,54.93,4.73
2025-03-18 11:00:00,2025-03-18 11:00:00,1.24,20.879715860583126,2.91,52.23,4.58
2025-03-18 12:00:00,2025-03-18 12:00:00,1.21,21.52002125256883,2.27,50.77,4.35
2025-03-18 13:00:00,2025-03-18 13:00:00,1.17,21.622333987526652,0.8,50.75,4.15
2025-03-18 14:00:00,2025-03-18 14:00:00,0.96,21.468506749985412,0.26,51.9,4.08
2025-03-18 15:00:00,2025-03-18 15:00:00,0.57,21.02310580758473,0.06,52.87,3.96
2025-03-18 16:00:00,2025-03-18 16:00:00,0.26,20.167600523462124,0.05,55.59,3.41
2025-03-18 17:00:00,2025-03-18 17:00:00,0.04,18.340639842999447,0.08,71.8,2.2
2025-03-18 18:00:00,2025-03-18 18:00:00,0.0,16.513133001316657,0.06,79.5,2.56
2025-03-18 19:00:00,2025-03-18 19:00:00,0.0,15.621433695553199,0.02,78.97,2.88
2025-03-18 20:00:00,2025-03-18 20:00:00,0.0,14.824041241466503,0.0,78.98,3.07
2025-03-18 21:00:00,2025-03-18 21:00:00,0.0,14.19301902918795,0.0,81.97,3.02
2025-03-18 22:00:00,2025-03-18 22:00:00,0.0,13.840727521787182,0.0,84.44,2.83
2025-03-18 23:00:00,2025-03-18 23:00:00,0.0,13.738475475519953,0.0,85.79,2.65
2025-03-19 00:00:00,2025-03-19 00:00:00,0.0,13.169115642588922,0.0,86.94,2.54
2025-03-19 01:00:00,2025-03-19 01:00:00,0.0,13.260196240884742,0.0,87.48,2.55
2025-03-19 02:00:00,2025-03-19 02:00:00,0.0,13.203307917943793,0.0,87.23,2.71
2025-03-19 03:00:00,2025-03-19 03:00:00,0.0,12.996211563199891,0.0,86.45,2.83
2025-03-19 04:00:00,2025-03-19 04:00:00,0.0,12.662184705930882,0.0,86.5,2.69
2025-03-19 05:00:00,2025-03-19 05:00:00,0.0,12.285923401825958,0.0,87.5,2.4
2025-03-19 06:00:00,2025-03-19 06:00:00,0.09,12.448246486885472,0.0,84.64,2.4
2025-03-19 07:00:00,2025-03-19 07:00:00,0.49,13.252281419932716,0.0,67.83,3.5
2025-03-19 08:00:00,2025-03-19 08:00:00,0.99,14.290671885018996,0.0,53.28,4.96
2025-03-19 09:00:00,2025-03-19 09:00:00,1.47,15.599998035618317,0.0,44.97,4.85
2025-03-19 10:00:00,2025-03-19 10:00:00,1.68,16.97528431293445,0.0,41.18,4.46
2025-03-19 11:00:00,2025-03-19 11:00:00,2.06,18.111667820388558,0.0,39.43,4.35
2025-03-19 12:00:00,2025-03-19 12:00:00,1.99,18.786199705682133,0.0,38.67,4.21
2025-03-19 13:00:00,2025-03-19 13:00:00,1.45,18.76595103812358,0.0,38.46,3.94
2025-03-19 14:00:00,2025-03-19 14:00:00,1.06,18.421001080094157,0.0,38.97,3.64
2025-03-19 15:00:00,2025-03-19 15:00:00,0.64,18.15976895332522,0.0,39.99,3.32
2025-03-19 16:00:00,2025-03-19 16:00:00,0.29,17.856530054645713,0.0,44.54,2.67
2025-03-19 17:00:00,2025-03-19 17:00:00,0.05,16.548572047121816,0.0,67.27,1.73
2025-03-19 18:00:00,2025-03-19 18:00:00,0.0,14.824217422184685,0.0,69.01,1.92
2025-03-19 19:00:00,2025-03-19 19:00:00,0.0,14.522511695022072,0.0,73.68,2.24
2025-03-19 20:00:00,2025-03-19 20:00:00,0.0,14.254786069335095,0.0,77.12,2.56
2025-03-19 21:00:00,2025-03-19 21:00:00,0.0,13.370751598641759,0.0,78.85,2.77
2025-03-19 22:00:00,2025-03-19 22:00:00,0.0,12.68122393472013,0.0,80.32,2.84
2025-03-19 23:00:00,2025-03-19 23:00:00,0.0,12.307505013594469,0.0,81.99,2.8
2025-03-20 00:00:00,2025-03-20 00:00:00,0.0,13.442226260293586,0.0,83.96,2.68
2025-03-20 01:00:00,2025-03-20 01:00:00,0.0,13.149429741009033,0.0,85.75,2.61
2025-03-20 02:00:00,2025-03-20 02:00:00,0.0,12.928389197021177,0.0,87.3,2.55
2025-03-20 03:00:00,2025-03-20 03:00:00,0.0,12.690654723919572,0.0,88.46,2.52
2025-03-20 04:00:00,2025-03-20 04:00:00,0.0,12.484810703803303,0.0,89.11,2.53
2025-03-20 05:00:00,2025-03-20 05:00:00,0.0,12.2926444425302,0.0,89.54,2.64
2025-03-20 06:00:00,2025-03-20 06:00:00,0.08,12.819030278584664,0.0,85.46,2.75
2025-03-20 07:00:00,2025-03-20 07:00:00,0.52,14.40473226911058,0.0,68.86,3.73
2025-03-20 08:00:00,2025-03-20 08:00:00,1.13,16.315477216870132,0.0,52.62,3.53
2025-03-20 09:00:00,2025-03-20 09:00:00,2.04,18.045388631975786,0.0,39.35,3.63
2025-03-20 10:00:00,2025-03-20 10:00:00,2.71,19.389156062802595,0.0,35.68,3.1
2025-03-20 11:00:00,2025-03-20 11:00:00,3.02,20.468919761637395,0.0,34.58,2.6
2025-03-20 12:00:00,2025-03-20 12:00:00,2.86,21.193008216294174,0.0,34.27,2.2
2025-03-20 13:00:00,2025-03-20 13:00:00,2.38,21.479375452596067,0.0,34.45,1.9
2025-03-20 14:00:00,2025-03-20 14:00:00,2.01,21.357840184672455,0.0,35.13,1.74
2025-03-20 15:00:00,2025-03-20 15:00:00,1.37,20.828777841403173,0.0,36.74,1.73
2025-03-20 16:00:00,2025-03-20 16:00:00,0.66,19.858213859185238,0.0,41.26,1.67
2025-03-20 17:00:00,2025-03-20 17:00:00,0.16,18.031505480614335,0.0,61.83,1.46
2025-03-20 18:00:00,2025-03-20 18:00:00,0.0,16.390568069653526,0.0,63.32,1.87
2025-03-20 19:00:00,2025-03-20 19:00:00,0.0,15.5881273112161,0.0,66.7,2.17
2025-03-20 20:00:00,2025-03-20 20:00:00,0.0,14.864072654934398,0.0,69.32,2.34
2025-03-20 21:00:00,2025-03-20 21:00:00,0.0,14.14078122598322,0.0,72.13,2.44
2025-03-20 22:00:00,2025-03-20 22:00:00,0.0,13.551243886197758,0.0,74.08,2.45
2025-03-20 23:00:00,2025-03-20 23:00:00,0.0,13.141749283923295,0.0,74.67,2.33
2025-03-21 00:00:00,2025-03-21 00:00:00,0.0,15.070460132264552,0.0,73.7,2.06
2025-03-21 01:00:00,2025-03-21 01:00:00,0.0,14.692836342356506,0.0,72.1,1.74
2025-03-21 02:00:00,2025-03-21 02:00:00,0.0,14.393488696488191,0.0,71.97,1.53
2025-03-21 03:00:00,2025-03-21 03:00:00,0.0,14.085397946998636,0.0,73.07,1.56
2025-03-21 04:00:00,2025-03-21 04:00:00,0.0,13.827611082610142,0.0,74.97,1.74
2025-03-21 05:00:00,2025-03-21 05:00:00,0.0,13.59409013740486,0.0,78.02,2.0
2025-03-21 06:00:00,2025-03-21 06:00:00,0.13,14.324571305636036,0.0,82.76,1.99
2025-03-21 07:00:00,2025-03-21 07:00:00,0.73,16.328552656054562,0.0,65.56,2.53
2025-03-21 08:00:00,2025-03-21 08:00:00,1.55,18.56637697435132,0.0,53.49,1.49
2025-03-21 09:00:00,2025-03-21 09:00:00,2.26,20.589648486430235,0.0,40.22,1.05
2025-03-21 10:00:00,2025-03-21 10:00:00,2.8,22.088415733700657,0.0,37.37,1.92
2025-03-21 11:00:00,2025-03-21 11:00:00,2.89,23.28166880842356,0.0,36.89,2.2
2025-03-21 12:00:00,2025-03-21 12:00:00,2.94,24.07789682294303,0.0,36.98,2.49
2025-03-21 13:00:00,2025-03-21 13:00:00,2.72,24.395006226045258,0.0,37.5,2.94
2025-03-21 14:00:00,2025-03-21 14:00:00,2.18,24.294983027097842,0.0,38.68,3.43
2025-03-21 15:00:00,2025-03-21 15:00:00,1.44,23.803952047361115,0.0,40.05,3.83
2025-03-21 16:00:00,2025-03-21 16:00:00,0.82,22.789371492605905,0.0,46.4,3.8
2025-03-21 17:00:00,2025-03-21 17:00:00,0.21,20.682175008612845,0.0,66.07,2.97
2025-03-21 18:00:00,2025-03-21 18:00:00,0.0,18.78157664327221,0.0,72.36,3.34
2025-03-21 19:00:00,2025-03-21 19:00:00,0.0,17.850626943588644,0.0,73.93,3.44
2025-03-21 20:00:00,2025-03-21 20:00:00,0.0,16.977250038706625,0.0,77.49,3.15
2025-03-21 21:00:00,2025-03-21 21:00:00,0.0,16.087836443434846,0.0,81.62,2.75
2025-03-21 22:00:00,2025-03-21 22:00:00,0.0,15.373874538123516,0.0,84.69,2.48
2025-03-21 23:00:00,2025-03-21 23:00:00,0.0,14.905715003807451,0.0,85.98,2.26
2025-03-22 00:00:00,2025-03-22 00:00:00,0.0,14.652652527586229,0.0,85.36,2.02
2025-03-22 01:00:00,2025-03-22 01:00:00,0.0,14.392179010218896,0.0,83.67,1.68
2025-03-22 02:00:00,2025-03-22 02:00:00,0.0,14.061061314997172,0.0,81.94,1.25
2025-03-22 03:00:00,2025-03-22 03:00:00,0.0,13.695696893351903,0.0,80.71,0.73
2025-03-22 04:00:00,2025-03-22 04:00:00,0.0,13.320251991012666,0.0,80.76,0.27
2025-03-22 05:00:00,2025-03-22 05:00:00,0.0,12.895617937241113,0.0,81.86,0.3
2025-03-22 06:00:00,2025-03-22 06:00:00,0.13,13.804837157865,0.0,83.73,0.73
2025-03-22 07:00:00,2025-03-22 07:00:00,0.71,16.741327189036237,0.0,73.06,1.0
2025-03-22 08:00:00,2025-03-22 08:00:00,1.41,19.76642650977299,0.0,55.3,1.74
2025-03-22 09:00:00,2025-03-22 09:00:00,2.11,22.827928132998835,0.0,48.25,2.86
2025-03-22 10:00:00,2025-03-22 10:00:00,2.67,24.523768308006012,0.0,46.19,3.4
2025-03-22 11:00:00,2025-03-22 11:00:00,2.93,25.653830199970294,0.0,45.37,3.57
2025-03-22 12:00:00,2025-03-22 12:00:00,2.96,26.407403836108728,0.0,45.11,3.46
2025-03-22 13:00:00,2025-03-22 13:00:00,2.74,26.718641683781147,0.0,45.39,3.23
2025-03-22 14:00:00,2025-03-22 14:00:00,2.21,26.596819834146444,0.0,46.4,3.04
2025-03-22 15:00:00,2025-03-22 15:00:00,1.44,26.103656537453706,0.0,48.73,2.92
2025-03-22 16:00:00,2025-03-22 16:00:00,0.77,24.87803117325702,0.0,53.68,2.8
2025-03-22 17:00:00,2025-03-22 17:00:00,0.23,22.071917853428378,0.0,73.83,2.19
2025-03-22 18:00:00,2025-03-22 18:00:00,0.0,19.670803250700146,0.0,80.19,2.72
2025-03-22 19:00:00,2025-03-22 19:00:00,0.0,18.594285283531025,0.0,81.4,2.95
2025-03-22 20:00:00,2025-03-22 20:00:00,0.0,17.60604563411849,0.0,83.73,3.02
2025-03-22 21:00:00,2025-03-22 21:00:00,0.0,16.693894512683322,0.0,87.55,2.86
2025-03-22 22:00:00,2025-03-22 22:00:00,0.0,16.00073459138806,0.0,91.75,2.57
2025-03-22 23:00:00,2025-03-22 23:00:00,0.0,15.55214618672464,0.0,95.65,2.29
2025-03-23 00:00:00,2025-03-23 00:00:00,0.0,15.631266274370525,0.0,97.77,2.11
2025-03-23 01:00:00,2025-03-23 01:00:00,0.0,15.43267642517957,0.0,98.03,1.81
2025-03-23 02:00:00,2025-03-23 02:00:00,0.0,15.179855973562606,0.0,95.78,1.28
2025-03-23 03:00:00,2025-03-23 03:00:00,0.0,14.892314693598058,0.0,93.88,0.66
2025-03-23 04:00:00,2025-03-23 04:00:00,0.0,14.63819432706847,0.0,92.92,0.41
2025-03-23 05:00:00,2025-03-23 05:00:00,0.0,14.35598835041713,0.0,94.05,0.68
2025-03-23 06:00:00,2025-03-23 06:00:00,0.11,15.236968396657751,0.0,92.74,0.89
2025-03-23 07:00:00,2025-03-23 07:00:00,0.59,17.912786176878623,0.0,82.09,1.21
2025-03-23 08:00:00,2025-03-23 08:00:00,1.27,20.94669873277494,0.0,68.09,1.82
2025-03-23 09:00:00,2025-03-23 09:00:00,1.99,23.72107536715027,0.0,59.6,2.1
2025-03-23 10:00:00,2025-03-23 10:00:00,2.52,25.5241200035392,0.0,54.94,2.11
2025-03-23 11:00:00,2025-03-23 11:00:00,2.94,26.81125717025238,0.0,52.45,1.85
2025-03-23 12:00:00,2025-03-23 12:00:00,3.01,27.697768023995053,0.0,51.13,1.53
2025-03-23 13:00:00,2025-03-23 13:00:00,2.77,28.062645774570193,0.0,50.57,1.45
2025-03-23 14:00:00,2025-03-23 14:00:00,2.19,27.9950565252388,0.0,50.75,1.7
2025-03-23 15:00:00,2025-03-23 15:00:00,1.55,27.54362269034793,0.0,52.09,2.14
2025-03-23 16:00:00,2025-03-23 16:00:00,0.8,26.442171113225974,0.0,57.42,2.62
2025-03-23 17:00:00,2025-03-23 17:00:00,0.23,23.75695007881613,0.0,74.9,2.36
2025-03-23 18:00:00,2025-03-23 18:00:00,0.0,21.274229351444088,0.0,81.02,3.06
2025-03-23 19:00:00,2025-03-23 19:00:00,0.0,20.223231418183477,0.0,82.72,3.74
2025-03-23 20:00:00,2025-03-23 20:00:00,0.0,19.24902684681156,0.0,86.84,3.77
2025-03-23 21:00:00,2025-03-23 21:00:00,0.0,18.31027050378793,0.0,91.08,3.2
2025-03-23 22:00:00,2025-03-23 22:00:00,0.0,17.59644564978838,0.0,94.58,2.32
2025-03-23 23:00:00,2025-03-23 23:00:00,0.0,17.13046533334961,0.05,96.55,1.7
2025-03-24 00:00:00,2025-03-24 00:00:00,0.0,17.154131223502528,0.08,97.49,1.34
2025-03-24 01:00:00,2025-03-24 01:00:00,0.0,16.883771693955328,0.09,97.03,0.96
2025-03-24 02:00:00,2025-03-24 02:00:00,0.0,16.631243796480412,0.12,96.72,0.74
2025-03-24 03:00:00,2025-03-24 03:00:00,0.0,16.314933289761075,0.15,97.47,0.85
2025-03-24 04:00:00,2025-03-24 04:00:00,0.0,16.0056247177397,0.14,98.42,0.99
2025-03-24 05:00:00,2025-03-24 05:00:00,0.0,15.624763296689057,0.1,98.41,0.95
2025-03-24 06:00:00,2025-03-24 06:00:00,0.13,16.4082893951543,0.04,95.33,0.85
2025-03-24 07:00:00,2025-03-24 07:00:00,0.65,19.046588369204688,0.01,85.1,0.76
2025-03-24 08:00:00,2025-03-24 08:00:00,1.37,22.103276947697623,0.01,74.93,0.7
2025-03-24 09:00:00,2025-03-24 09:00:00,1.99,24.808109617613113,0.02,66.39,0.74
2025-03-24 10:00:00,2025-03-24 10:00:00,2.59,26.556279173785065,0.01,61.31,0.82
2025-03-24 11:00:00,2025-03-24 11:00:00,2.67,27.788070836717438,0.0,59.18,0.74
2025-03-24 12:00:00,2025-03-24 12:00:00,2.82,28.607243237567836,0.0,57.7,0.58
2025-03-24 13:00:00,2025-03-24 13:00:00,2.56,28.912323997116097,0.0,56.69,0.72
2025-03-24 14:00:00,2025-03-24 14:00:00,2.02,28.78724605037163,0.01,56.72,1.19
2025-03-24 15:00:00,2025-03-24 15:00:00,1.31,28.28177788767634,0.0,58.2,1.81
2025-03-24 16:00:00,2025-03-24 16:00:00,0.74,27.11365735067784,0.0,62.61,2.44
2025-03-24 17:00:00,2025-03-24 17:00:00,0.21,24.400377735795555,0.0,78.63,2.21
2025-03-24 18:00:00,2025-03-24 18:00:00,0.0,21.92826991563749,0.0,84.58,2.81
2025-03-24 19:00:00,2025-03-24 19:00:00,0.0,20.88245663944752,0.0,86.08,3.35
2025-03-24 20:00:00,2025-03-24 20:00:00,0.0,19.890334238128546,0.01,89.47,3.45
2025-03-24 21:00:00,2025-03-24 21:00:00,0.0,18.930347473210684,0.04,92.76,3.16
2025-03-24 22:00:00,2025-03-24 22:00:00,0.0,18.19456153878531,0.05,94.79,2.75
2025-03-24 23:00:00,2025-03-24 23:00:00,0.0,17.69876833706424,0.07,96.14,2.4
2025-03-25 00:00:00,2025-03-25 00:00:00,0.0,18.920679271150853,0.16,97.17,2.17
2025-03-25 01:00:00,2025-03-25 01:00:00,0.0,18.5308178745231,0.25,98.36,1.96
2025-03-25 02:00:00,2025-03-25 02:00:00,0.0,18.2216032086025,0.28,99.61,1.78
2025-03-25 03:00:00,2025-03-25 03:00:00,0.0,17.90047955726597,0.27,100.0,1.64
2025-03-25 04:00:00,2025-03-25 04:00:00,0.0,17.548703129001872,0.29,100.0,1.54
2025-03-25 05:00:00,2025-03-25 05:00:00,0.0,17.141364523855266,0.31,100.0,1.46
2025-03-25 06:00:00,2025-03-25 06:00:00,0.12,17.851033719348692,0.26,96.38,1.51
2025-03-25 07:00:00,2025-03-25 07:00:00,0.5,20.37902843664723,0.12,89.49,1.94
2025-03-25 08:00:00,2025-03-25 08:00:00,1.01,23.344010360397547,0.04,81.71,2.21
2025-03-25 09:00:00,2025-03-25 09:00:00,1.43,26.03851658656589,0.2,74.65,2.29
2025-03-25 10:00:00,2025-03-25 10:00:00,1.76,27.817721700997442,0.42,69.65,2.06
2025-03-25 11:00:00,2025-03-25 11:00:00,1.96,29.024248831319117,0.6,66.0,1.71
2025-03-25 12:00:00,2025-03-25 12:00:00,2.15,29.830893612192238,0.66,63.26,1.8
2025-03-25 13:00:00,2025-03-25 13:00:00,2.13,30.175577155467046,0.8,61.88,2.26
2025-03-25 14:00:00,2025-03-25 14:00:00,1.87,30.066219491226718,0.99,62.35,2.75
2025-03-25 15:00:00,2025-03-25 15:00:00,1.31,29.54681706923598,1.19,64.63,3.25
2025-03-25 16:00:00,2025-03-25 16:00:00,0.67,28.351084111455354,1.07,70.62,3.65
2025-03-25 17:00:00,2025-03-25 17:00:00,0.18,25.578513656668996,0.73,81.46,3.35
2025-03-25 18:00:00,2025-03-25 18:00:00,0.0,23.080934607667444,0.54,86.99,3.61
2025-03-25 19:00:00,2025-03-25 19:00:00,0.0,22.053766442806932,0.31,88.56,4.06
2025-03-25 20:00:00,2025-03-25 20:00:00,0.0,21.045307862402453,0.18,91.43,3.9
2025-03-25 21:00:00,2025-03-25 21:00:00,0.0,20.06588543951678,0.1,93.78,3.58
2025-03-25 22:00:00,2025-03-25 22:00:00,0.0,19.295744971840044,0.18,95.13,3.38
2025-03-25 23:00:00,2025-03-25 23:00:00,0.0,18.74317430543263,0.26,95.95,3.14
2025-03-26 00:00:00,2025-03-26 00:00:00,0.0,20.02821515437101,0.3,96.64,2.8
2025-03-26 01:00:00,2025-03-26 01:00:00,0.0,19.81232603045406,0.3,97.86,2.33
2025-03-26 02:00:00,2025-03-26 02:00:00,0.0,19.643770513903867,0.24,98.59,2.06
2025-03-26 03:00:00,2025-03-26 03:00:00,0.0,19.479664922976845,0.27,98.53,1.88
2025-03-26 04:00:00,2025-03-26 04:00:00,0.0,19.308447508074273,0.2,99.15,1.82
2025-03-26 05:00:00,2025-03-26 05:00:00,0.0,19.13461219472881,0.23,99.77,1.88
2025-03-26 06:00:00,2025-03-26 06:00:00,0.09,19.840444519838137,0.25,96.22,2.24
2025-03-26 07:00:00,2025-03-26 07:00:00,0.42,21.750318978605858,0.14,90.05,2.8
2025-03-26 08:00:00,2025-03-26 08:00:00,0.85,24.068991496710574,0.14,82.24,2.93
2025-03-26 09:00:00,2025-03-26 09:00:00,1.41,26.18620892645861,0.18,74.49,2.86
2025-03-26 10:00:00,2025-03-26 10:00:00,1.64,27.738404180034088,0.2,67.79,2.82
2025-03-26 11:00:00,2025-03-26 11:00:00,1.49,28.868970139887733,0.21,62.52,2.98
2025-03-26 12:00:00,2025-03-26 12:00:00,1.32,29.6978735249552,0.23,58.04,3.37
2025-03-26 13:00:00,2025-03-26 13:00:00,1.78,30.169716189309863,0.22,55.65,3.99
2025-03-26 14:00:00,2025-03-26 14:00:00,1.1,30.18733238700881,0.38,55.72,4.8
2025-03-26 15:00:00,2025-03-26 15:00:00,0.84,29.747030060859974,0.42,58.53,5.68
2025-03-26 16:00:00,2025-03-26 16:00:00,0.39,28.620153511489697,0.38,65.87,6.02
2025-03-26 17:00:00,2025-03-26 17:00:00,0.08,26.41737565107051,0.15,76.68,5.27
2025-03-26 18:00:00,2025-03-26 18:00:00,0.0,24.498323001809638,0.05,85.14,4.85
2025-03-26 19:00:00,2025-03-26 19:00:00,0.0,23.643828810567662,0.15,89.97,4.56
2025-03-26 20:00:00,2025-03-26 20:00:00,0.0,22.7761852091866,0.21,93.62,4.01
2025-03-26 21:00:00,2025-03-26 21:00:00,0.0,22.068602995099592,0.23,95.29,3.35
2025-03-26 22:00:00,2025-03-26 22:00:00,0.0,21.553778719918256,0.21,96.02,2.93
2025-03-26 23:00:00,2025-03-26 23:00:00,0.0,21.169551919125336,0.2,96.8,2.6
2025-03-27 00:00:00,2025-03-27 00:00:00,0.0,21.023780895997213,0.19,97.79,2.21
2025-03-27 01:00:00,2025-03-27 01:00:00,0.0,20.67311582163224,0.19,99.11,1.95
2025-03-27 02:00:00,2025-03-27 02:00:00,0.0,20.430234340412998,0.19,100.0,1.79
2025-03-27 03:00:00,2025-03-27 03:00:00,0.0,20.30799746797624,0.2,100.0,1.75
2025-03-27 04:00:00,2025-03-27 04:00:00,0.0,20.108930962761963,0.31,100.0,1.9
2025-03-27 05:00:00,2025-03-27 05:00:00,0.0,19.906734357346025,0.39,100.0,2.07
2025-03-27 06:00:00,2025-03-27 06:00:00,0.1,20.65570544905854,0.41,97.25,2.46
2025-03-27 07:00:00,2025-03-27 07:00:00,0.41,22.238486261914886,0.33,88.78,3.07
2025-03-27 08:00:00,2025-03-27 08:00:00,0.83,24.26825825134665,0.15,79.09,3.12
2025-03-27 09:00:00,2025-03-27 09:00:00,1.25,26.343007112159253,0.05,66.69,3.1
2025-03-27 10:00:00,2025-03-27 10:00:00,1.53,28.270859912038908,0.0,57.14,2.88
2025-03-27 11:00:00,2025-03-27 11:00:00,1.49,29.861835712540575,0.0,50.99,2.6
2025-03-27 12:00:00,2025-03-27 12:00:00,1.52,31.083784496165315,0.01,47.07,2.43
2025-03-27 13:00:00,2025-03-27 13:00:00,1.62,31.76459557196146,0.0,45.32,2.49
2025-03-27 14:00:00,2025-03-27 14:00:00,1.35,31.782699072182794,0.0,45.9,3.16
2025-03-27 15:00:00,2025-03-27 15:00:00,0.98,31.06053137278859,0.0,51.58,4.36
2025-03-27 16:00:00,2025-03-27 16:00:00,0.44,29.356118179175418,0.0,63.99,4.94
2025-03-27 17:00:00,2025-03-27 17:00:00,0.07,26.94714827033873,0.01,77.7,4.81
2025-03-27 18:00:00,2025-03-27 18:00:00,0.0,24.868743623480363,0.12,87.23,4.66
2025-03-27 19:00:00,2025-03-27 19:00:00,0.0,23.752335829622062,0.25,92.51,4.04
2025-03-27 20:00:00,2025-03-27 20:00:00,0.0,22.915257767626443,0.27,96.12,2.96
2025-03-27 21:00:00,2025-03-27 21:00:00,0.0,22.39950063019989,0.29,97.96,2.24
2025-03-27 22:00:00,2025-03-27 22:00:00,0.0,22.066086422307844,0.11,99.35,2.01
2025-03-27 23:00:00,2025-03-27 23:00:00,0.0,21.756967331270694,0.06,100.0,1.94
2025-03-28 00:00:00,2025-03-28 00:00:00,0.0,21.86829056390605,0.05,100.0,1.87
2025-03-28 01:00:00,2025-03-28 01:00:00,0.0,21.440450364378716,0.04,100.0,1.74
2025-03-28 02:00:00,2025-03-28 02:00:00,0.0,21.0497096339777,0.05,99.53,1.53
2025-03-28 03:00:00,2025-03-28 03:00:00,0.0,20.66541936988719,0.06,99.77,1.51
2025-03-28 04:00:00,2025-03-28 04:00:00,0.0,20.153889330655947,0.05,100.0,1.63
2025-03-28 05:00:00,2025-03-28 05:00:00,0.0,19.68382578375701,0.05,100.0,1.67
2025-03-28 06:00:00,2025-03-28 06:00:00,0.1,20.89120606083733,0.04,96.0,1.57
2025-03-28 07:00:00,2025-03-28 07:00:00,0.53,22.98541089666923,0.04,86.75,1.77
2025-03-28 08:00:00,2025-03-28 08:00:00,1.21,25.601971417801906,0.03,77.99,1.31
2025-03-28 09:00:00,2025-03-28 09:00:00,1.79,28.648875638985004,0.02,70.7,1.41
2025-03-28 10:00:00,2025-03-28 10:00:00,2.38,31.233821235086943,0.03,65.62,2.27
2025-03-28 11:00:00,2025-03-28 11:00:00,2.23,33.25365213099929,0.04,61.52,2.96
2025-03-28 12:00:00,2025-03-28 12:00:00,2.26,34.548923253852564,0.07,58.97,3.24
2025-03-28 13:00:00,2025-03-28 13:00:00,1.95,35.18529601967494,0.11,57.67,3.21
2025-03-28 14:00:00,2025-03-28 14:00:00,1.38,35.13538311440634,0.17,57.65,3.02
2025-03-28 15:00:00,2025-03-28 15:00:00,0.9,34.01979376934125,0.32,58.98,2.94
2025-03-28 16:00:00,2025-03-28 16:00:00,0.39,31.76385849700449,0.22,64.06,2.74
2025-03-28 17:00:00,2025-03-28 17:00:00,0.09,28.929609523459796,0.1,79.92,2.32
2025-03-28 18:00:00,2025-03-28 18:00:00,0.0,26.701038734252407,0.17,86.55,2.97
2025-03-28 19:00:00,2025-03-28 19:00:00,0.0,25.455558341576527,1.16,89.81,3.31
2025-03-28 20:00:00,2025-03-28 20:00:00,0.0,24.532221478130896,1.88,91.73,3.85
2025-03-28 21:00:00,2025-03-28 21:00:00,0.0,23.85158840602336,2.89,93.89,3.86
2025-03-28 22:00:00,2025-03-28 22:00:00,0.0,23.247836951524835,5.35,93.8,3.89
2025-03-28 23:00:00,2025-03-28 23:00:00,0.0,22.755692617447064,9.72,91.54,4.78
2025-03-29 00:00:00,2025-03-29 00:00:00,0.0,22.440845325281636,15.04,87.59,5.89
2025-03-29 01:00:00,2025-03-29 01:00:00,0.0,22.05707048259116,16.73,83.17,6.47
2025-03-29 02:00:00,2025-03-29 02:00:00,0.0,21.732937116315334,13.7,79.93,6.2
2025-03-29 03:00:00,2025-03-29 03:00:00,0.0,21.351140684477624,12.65,77.22,5.98
2025-03-29 04:00:00,2025-03-29 04:00:00,0.0,20.93026853703716,11.95,75.88,5.44
2025-03-29 05:00:00,2025-03-29 05:00:00,0.0,20.615728817581342,13.03,76.54,4.94
2025-03-29 06:00:00,2025-03-29 06:00:00,0.07,21.52392033487792,13.34,76.04,5.2
2025-03-29 07:00:00,2025-03-29 07:00:00,0.23,23.494468865302707,11.05,70.83,6.31
2025-03-29 08:00:00,2025-03-29 08:00:00,0.41,25.902828840567736,7.92,63.74,6.85
2025-03-29 09:00:00,2025-03-29 09:00:00,0.57,28.33063523508379,5.16,58.09,6.63
2025-03-29 10:00:00,2025-03-29 10:00:00,0.56,30.290844076682994,3.7,55.01,6.44
2025-03-29 11:00:00,2025-03-29 11:00:00,0.53,31.773262559373485,2.05,53.75,6.18
2025-03-29 12:00:00,2025-03-29 12:00:00,0.53,32.72191891784442,0.93,53.17,5.81
2025-03-29 13:00:00,2025-03-29 13:00:00,0.47,33.183412844401545,1.66,53.8,5.42
2025-03-29 14:00:00,2025-03-29 14:00:00,0.36,33.15587064844053,5.69,55.28,5.1
2025-03-29 15:00:00,2025-03-29 15:00:00,0.27,32.56429040391931,13.37,57.56,4.84
2025-03-29 16:00:00,2025-03-29 16:00:00,0.21,31.168915729974145,14.74,61.99,4.34
2025-03-29 17:00:00,2025-03-29 17:00:00,0.09,28.762928658779682,16.08,71.12,3.26
2025-03-29 18:00:00,2025-03-29 18:00:00,0.0,26.589910311265562,16.43,79.76,2.76
2025-03-29 19:00:00,2025-03-29 19:00:00,0.0,25.60159432881677,0.53,81.65,3.23
2025-03-29 20:00:00,2025-03-29 20:00:00,0.0,24.85069437227205,0.55,83.15,3.71
2025-03-29 21:00:00,2025-03-29 21:00:00,0.0,24.204661146959126,0.61,84.57,3.89
2025-03-29 22:00:00,2025-03-29 22:00:00,0.0,23.758424335002005,0.74,82.94,4.23
2025-03-29 23:00:00,2025-03-29 23:00:00,0.0,23.2022412426724,0.69,82.04,4.3
2025-03-30 00:00:00,2025-03-30 00:00:00,0.0,13.016877216116953,0.47,82.3,4.51
2025-03-30 01:00:00,2025-03-30 01:00:00,0.0,11.283262058345432,0.31,82.86,4.62
2025-03-30 02:00:00,2025-03-30 02:00:00,0.0,9.613477708639792,0.22,83.15,4.69
2025-03-30 03:00:00,2025-03-30 03:00:00,0.0,8.444132936386996,0.44,83.6,4.61
2025-03-30 04:00:00,2025-03-30 04:00:00,0.0,7.691124634839399,0.95,83.86,4.32
2025-03-30 05:00:00,2025-03-30 05:00:00,0.0,7.257941940954125,1.48,83.63,4.01
2025-03-30 06:00:00,2025-03-30 06:00:00,0.1,6.977159369732346,1.34,81.76,4.24
2025-03-30 07:00:00,2025-03-30 07:00:00,0.38,7.231606695142258,0.87,75.41,5.19
2025-03-30 08:00:00,2025-03-30 08:00:00,0.64,8.26337790358083,0.4,67.81,5.79
2025-03-30 09:00:00,2025-03-30 09:00:00,0.88,9.816952423757797,0.13,61.17,5.83
2025-03-30 10:00:00,2025-03-30 10:00:00,0.98,11.142230474463934,0.01,56.61,5.7
2025-03-30 11:00:00,2025-03-30 11:00:00,1.0,11.974729718158112,0.0,53.65,5.43
2025-03-30 12:00:00,2025-03-30 12:00:00,0.82,12.606140028154082,0.0,52.0,4.71
2025-03-30 13:00:00,2025-03-30 13:00:00,0.89,12.712637466808667,0.0,51.18,3.78
2025-03-30 14:00:00,2025-03-30 14:00:00,0.67,12.457318075265992,0.0,51.25,3.08
2025-03-30 15:00:00,2025-03-30 15:00:00,0.54,11.934544471241704,0.0,52.25,2.67
2025-03-30 16:00:00,2025-03-30 16:00:00,0.33,10.999107469711797,0.0,55.09,2.49
2025-03-30 17:00:00,2025-03-30 17:00:00,0.13,9.773876252027364,0.0,69.49,1.79
2025-03-30 18:00:00,2025-03-30 18:00:00,0.0,8.678806698411414,0.0,81.94,1.74
2025-03-30 19:00:00,2025-03-30 19:00:00,0.0,8.0234551968645,0.0,83.16,1.81
2025-03-30 20:00:00,2025-03-30 20:00:00,0.0,7.364973915296904,0.0,84.82,1.91
2025-03-30 21:00:00,2025-03-30 21:00:00,0.0,6.714522095885579,0.0,86.52,1.95
2025-03-30 22:00:00,2025-03-30 22:00:00,0.0,6.019093347769209,0.0,87.7,1.89
2025-03-30 23:00:00,2025-03-30 23:00:00,0.0,5.337068715548235,0.01,88.48,1.8
2025-03-31 00:00:00,2025-03-31 00:00:00,0.0,13.301673089334011,0.01,89.42,2.0
2025-03-31 01:00:00,2025-03-31 01:00:00,0.0,12.822883420640965,0.01,87.84,2.62
2025-03-31 02:00:00,2025-03-31 02:00:00,0.0,12.433844986525857,0.02,84.55,3.76
2025-03-31 03:00:00,2025-03-31 03:00:00,0.0,12.094712620278603,0.02,83.34,4.04
2025-03-31 04:00:00,2025-03-31 04:00:00,0.0,11.890129554636877,0.02,82.04,3.93
2025-03-31 05:00:00,2025-03-31 05:00:00,0.0,11.758686889533145,0.01,81.56,3.62
2025-03-31 06:00:00,2025-03-31 06:00:00,0.12,11.77745156246938,0.01,77.73,3.98
2025-03-31 07:00:00,2025-03-31 07:00:00,0.39,12.33783108212845,0.01,69.49,4.88
2025-03-31 08:00:00,2025-03-31 08:00:00,0.76,13.314701639569595,0.0,63.39,4.96
2025-03-31 09:00:00,2025-03-31 09:00:00,1.15,14.551312847141133,0.0,59.0,4.41
2025-03-31 10:00:00,2025-03-31 10:00:00,1.43,15.795174774311564,0.0,55.6,3.77
2025-03-31 11:00:00,2025-03-31 11:00:00,1.65,16.88917672441433,0.0,53.52,3.08
2025-03-31 12:00:00,2025-03-31 12:00:00,1.45,17.788340922076284,0.0,52.59,2.43
2025-03-31 13:00:00,2025-03-31 13:00:00,1.8,18.529366125388815,0.0,52.26,1.92
2025-03-31 14:00:00,2025-03-31 14:00:00,1.11,18.887969250390874,0.0,52.48,1.58
2025-03-31 15:00:00,2025-03-31 15:00:00,0.8,18.852231521935952,0.0,53.29,1.51
2025-03-31 16:00:00,2025-03-31 16:00:00,0.41,18.371754872413806,0.0,56.13,1.59
2025-03-31 17:00:00,2025-03-31 17:00:00,0.13,16.99532832013954,0.0,66.79,1.41
2025-03-31 18:00:00,2025-03-31 18:00:00,0.0,15.359074611296299,0.0,79.35,1.42
2025-03-31 19:00:00,2025-03-31 19:00:00,0.0,14.78849142577968,0.0,82.27,1.64
2025-03-31 20:00:00,2025-03-31 20:00:00,0.0,14.254533355887176,0.0,84.95,1.77
2025-03-31 21:00:00,2025-03-31 21:00:00,0.0,13.7936501924742,0.0,86.83,1.8
2025-03-31 22:00:00,2025-03-31 22:00:00,0.0,13.498613231226301,0.0,87.8,1.71
2025-03-31 23:00:00,2025-03-31 23:00:00,0.0,13.295031862227205,0.0,86.77,1.37
